base_sigungu_code,base_sigungu_name,base_sido_name,neighbor_sigungu_code,neighbor_sigungu_name,neighbor_sido_name,adjacency_type,touches,centroid_distance_km
11010,종로구,서울특별시,11080,성북구,서울특별시,border_touch,True,3.744
11010,종로구,서울특별시,11130,서대문구,서울특별시,border_touch,True,3.876
11010,종로구,서울특별시,11020,중구,서울특별시,border_touch,True,4.194
11010,종로구,서울특별시,11120,은평구,서울특별시,border_touch,True,5.194
11010,종로구,서울특별시,11060,동대문구,서울특별시,border_touch,True,6.995
11010,종로구,서울특별시,11040,성동구,서울특별시,buffer_intersects,False,7.442
11010,종로구,서울특별시,31101,고양시 덕양구,경기도,border_touch,True,11.022
11020,중구,서울특별시,11030,용산구,서울특별시,border_touch,True,3.491
11020,중구,서울특별시,11040,성동구,서울특별시,border_touch,True,4.113
11020,중구,서울특별시,11010,종로구,서울특별시,border_touch,True,4.194
11020,중구,서울특별시,11130,서대문구,서울특별시,border_touch,True,5.389
11020,중구,서울특별시,11060,동대문구,서울특별시,border_touch,True,5.745
11020,중구,서울특별시,11140,마포구,서울특별시,border_touch,True,7.742
11030,용산구,서울특별시,11020,중구,서울특별시,border_touch,True,3.491
11030,용산구,서울특별시,11200,동작구,서울특별시,border_touch,True,4.383
11030,용산구,서울특별시,11040,성동구,서울특별시,border_touch,True,5.825
11030,용산구,서울특별시,11190,영등포구,서울특별시,border_touch,True,6.243
11030,용산구,서울특별시,11140,마포구,서울특별시,border_touch,True,7.048
11030,용산구,서울특별시,11220,서초구,서울특별시,border_touch,True,7.88
11030,용산구,서울특별시,11230,강남구,서울특별시,border_touch,True,8.29
11040,성동구,서울특별시,11060,동대문구,서울특별시,border_touch,True,3.648
11040,성동구,서울특별시,11050,광진구,서울특별시,border_touch,True,3.977
11040,성동구,서울특별시,11020,중구,서울특별시,border_touch,True,4.113
11040,성동구,서울특별시,11030,용산구,서울특별시,border_touch,True,5.825
11040,성동구,서울특별시,11230,강남구,서울특별시,border_touch,True,6.336
11040,성동구,서울특별시,11010,종로구,서울특별시,buffer_intersects,False,7.442
11050,광진구,서울특별시,11040,성동구,서울특별시,border_touch,True,3.977
11050,광진구,서울특별시,11060,동대문구,서울특별시,border_touch,True,4.771
11050,광진구,서울특별시,11240,송파구,서울특별시,border_touch,True,5.255
11050,광진구,서울특별시,11250,강동구,서울특별시,border_touch,True,5.428
11050,광진구,서울특별시,11070,중랑구,서울특별시,border_touch,True,5.704
11050,광진구,서울특별시,11230,강남구,서울특별시,border_touch,True,5.907
11050,광진구,서울특별시,31120,구리시,경기도,border_touch,True,7.072
11060,동대문구,서울특별시,11040,성동구,서울특별시,border_touch,True,3.648
11060,동대문구,서울특별시,11070,중랑구,서울특별시,border_touch,True,3.786
11060,동대문구,서울특별시,11080,성북구,서울특별시,border_touch,True,4.217
11060,동대문구,서울특별시,11050,광진구,서울특별시,border_touch,True,4.771
11060,동대문구,서울특별시,11020,중구,서울특별시,border_touch,True,5.745
11060,동대문구,서울특별시,11010,종로구,서울특별시,border_touch,True,6.995
11070,중랑구,서울특별시,31120,구리시,경기도,border_touch,True,3.387
11070,중랑구,서울특별시,11060,동대문구,서울특별시,border_touch,True,3.786
11070,중랑구,서울특별시,11050,광진구,서울특별시,border_touch,True,5.704
11070,중랑구,서울특별시,11110,노원구,서울특별시,border_touch,True,6.268
11070,중랑구,서울특별시,11080,성북구,서울특별시,border_touch,True,6.71
11080,성북구,서울특별시,11010,종로구,서울특별시,border_touch,True,3.744
11080,성북구,서울특별시,11060,동대문구,서울특별시,border_touch,True,4.217
11080,성북구,서울특별시,11090,강북구,서울특별시,border_touch,True,4.226
11080,성북구,서울특별시,11070,중랑구,서울특별시,border_touch,True,6.71
11080,성북구,서울특별시,11110,노원구,서울특별시,border_touch,True,7.262
11080,성북구,서울특별시,31101,고양시 덕양구,경기도,border_touch,True,13.456
11090,강북구,서울특별시,11100,도봉구,서울특별시,border_touch,True,3.403
11090,강북구,서울특별시,11080,성북구,서울특별시,border_touch,True,4.226
11090,강북구,서울특별시,11110,노원구,서울특별시,border_touch,True,5.722
11090,강북구,서울특별시,31101,고양시 덕양구,경기도,border_touch,True,11.774
11090,강북구,서울특별시,31260,양주시,경기도,border_touch,True,18.35
11100,도봉구,서울특별시,11090,강북구,서울특별시,border_touch,True,3.403
11100,도봉구,서울특별시,11110,노원구,서울특별시,border_touch,True,4.19
11100,도봉구,서울특별시,31030,의정부시,경기도,border_touch,True,8.093
11100,도봉구,서울특별시,31260,양주시,경기도,border_touch,True,15.727
11110,노원구,서울특별시,11100,도봉구,서울특별시,border_touch,True,4.19
11110,노원구,서울특별시,11090,강북구,서울특별시,border_touch,True,5.722
11110,노원구,서울특별시,11070,중랑구,서울특별시,border_touch,True,6.268
11110,노원구,서울특별시,11080,성북구,서울특별시,border_touch,True,7.262
11110,노원구,서울특별시,31120,구리시,경기도,border_touch,True,7.717
11110,노원구,서울특별시,31030,의정부시,경기도,border_touch,True,9.303
11110,노원구,서울특별시,31130,남양주시,경기도,border_touch,True,14.913
11120,은평구,서울특별시,11130,서대문구,서울특별시,border_touch,True,4.717
11120,은평구,서울특별시,11010,종로구,서울특별시,border_touch,True,5.194
11120,은평구,서울특별시,31101,고양시 덕양구,경기도,border_touch,True,5.892
11120,은평구,서울특별시,11140,마포구,서울특별시,border_touch,True,6.848
11130,서대문구,서울특별시,11140,마포구,서울특별시,border_touch,True,3.406
11130,서대문구,서울특별시,11010,종로구,서울특별시,border_touch,True,3.876
11130,서대문구,서울특별시,11120,은평구,서울특별시,border_touch,True,4.717
11130,서대문구,서울특별시,11020,중구,서울특별시,border_touch,True,5.389
11140,마포구,서울특별시,11130,서대문구,서울특별시,border_touch,True,3.406
11140,마포구,서울특별시,11190,영등포구,서울특별시,border_touch,True,4.109
11140,마포구,서울특별시,11120,은평구,서울특별시,border_touch,True,6.848
11140,마포구,서울특별시,11030,용산구,서울특별시,border_touch,True,7.048
11140,마포구,서울특별시,11160,강서구,서울특별시,border_touch,True,7.55
11140,마포구,서울특별시,11020,중구,서울특별시,border_touch,True,7.742
11140,마포구,서울특별시,31101,고양시 덕양구,경기도,border_touch,True,11.02
11150,양천구,서울특별시,11170,구로구,서울특별시,border_touch,True,3.367
11150,양천구,서울특별시,11190,영등포구,서울특별시,border_touch,True,4.851
11150,양천구,서울특별시,11160,강서구,서울특별시,border_touch,True,4.966
11150,양천구,서울특별시,31053,부천시 오정구,경기도,border_touch,True,5.483
11160,강서구,서울특별시,31053,부천시 오정구,경기도,border_touch,True,4.544
11160,강서구,서울특별시,11150,양천구,서울특별시,border_touch,True,4.966
11160,강서구,서울특별시,11140,마포구,서울특별시,border_touch,True,7.55
11160,강서구,서울특별시,23070,계양구,인천광역시,border_touch,True,7.795
11160,강서구,서울특별시,11190,영등포구,서울특별시,border_touch,True,8.844
11160,강서구,서울특별시,31101,고양시 덕양구,경기도,border_touch,True,11.592
11160,강서구,서울특별시,31230,김포시,경기도,border_touch,True,21.87
11170,구로구,서울특별시,11150,양천구,서울특별시,border_touch,True,3.367
11170,구로구,서울특별시,11180,금천구,서울특별시,border_touch,True,5.439
11170,구로구,서울특별시,31060,광명시,경기도,border_touch,True,5.514
11170,구로구,서울특별시,11190,영등포구,서울특별시,border_touch,True,5.679
11170,구로구,서울특별시,31052,부천시 소사구,경기도,border_touch,True,5.689
11170,구로구,서울특별시,31053,부천시 오정구,경기도,border_touch,True,6.669
11170,구로구,서울특별시,31051,부천시 원미구,경기도,border_touch,True,6.862
11170,구로구,서울특별시,11210,관악구,서울특별시,border_touch,True,8.422
11170,구로구,서울특별시,11200,동작구,서울특별시,buffer_intersects,False,8.443
11180,금천구,서울특별시,31060,광명시,경기도,border_touch,True,3.624
11180,금천구,서울특별시,11210,관악구,서울특별시,border_touch,True,4.008
11180,금천구,서울특별시,11170,구로구,서울특별시,border_touch,True,5.439
11180,금천구,서울특별시,31041,안양시 만안구,경기도,border_touch,True,6.332
11190,영등포구,서울특별시,11140,마포구,서울특별시,border_touch,True,4.109
11190,영등포구,서울특별시,11200,동작구,서울특별시,border_touch,True,4.494
11190,영등포구,서울특별시,11150,양천구,서울특별시,border_touch,True,4.851
11190,영등포구,서울특별시,11170,구로구,서울특별시,border_touch,True,5.679
11190,영등포구,서울특별시,11030,용산구,서울특별시,border_touch,True,6.243
11190,영등포구,서울특별시,11210,관악구,서울특별시,border_touch,True,6.84
11190,영등포구,서울특별시,11160,강서구,서울특별시,border_touch,True,8.844
11200,동작구,서울특별시,11210,관악구,서울특별시,border_touch,True,3.539
11200,동작구,서울특별시,11030,용산구,서울특별시,border_touch,True,4.383
11200,동작구,서울특별시,11190,영등포구,서울특별시,border_touch,True,4.494
11200,동작구,서울특별시,11220,서초구,서울특별시,border_touch,True,7.587
11200,동작구,서울특별시,11170,구로구,서울특별시,buffer_intersects,False,8.443
11210,관악구,서울특별시,11200,동작구,서울특별시,border_touch,True,3.539
11210,관악구,서울특별시,11180,금천구,서울특별시,border_touch,True,4.008
11210,관악구,서울특별시,31110,과천시,경기도,border_touch,True,6.291
11210,관악구,서울특별시,11190,영등포구,서울특별시,border_touch,True,6.84
11210,관악구,서울특별시,31042,안양시 동안구,경기도,border_touch,True,7.486
11210,관악구,서울특별시,11220,서초구,서울특별시,border_touch,True,7.625
11210,관악구,서울특별시,31041,안양시 만안구,경기도,border_touch,True,7.635
11210,관악구,서울특별시,11170,구로구,서울특별시,border_touch,True,8.422
11220,서초구,서울특별시,11230,강남구,서울특별시,border_touch,True,3.82
11220,서초구,서울특별시,31110,과천시,경기도,border_touch,True,5.054
11220,서초구,서울특별시,11200,동작구,서울특별시,border_touch,True,7.587
11220,서초구,서울특별시,11210,관악구,서울특별시,border_touch,True,7.625
11220,서초구,서울특별시,31021,성남시 수정구,경기도,border_touch,True,7.709
11220,서초구,서울특별시,11030,용산구,서울특별시,border_touch,True,7.88
11230,강남구,서울특별시,11220,서초구,서울특별시,border_touch,True,3.82
11230,강남구,서울특별시,11240,송파구,서울특별시,border_touch,True,4.73
11230,강남구,서울특별시,11050,광진구,서울특별시,border_touch,True,5.907
11230,강남구,서울특별시,11040,성동구,서울특별시,border_touch,True,6.336
11230,강남구,서울특별시,31021,성남시 수정구,경기도,border_touch,True,7.725
11230,강남구,서울특별시,11030,용산구,서울특별시,border_touch,True,8.29
11240,송파구,서울특별시,11230,강남구,서울특별시,border_touch,True,4.73
11240,송파구,서울특별시,11050,광진구,서울특별시,border_touch,True,5.255
11240,송파구,서울특별시,11250,강동구,서울특별시,border_touch,True,5.709
11240,송파구,서울특별시,31021,성남시 수정구,경기도,border_touch,True,7.866
11240,송파구,서울특별시,31180,하남시,경기도,border_touch,True,8.235
11250,강동구,서울특별시,11050,광진구,서울특별시,border_touch,True,5.428
11250,강동구,서울특별시,31120,구리시,경기도,border_touch,True,5.585
11250,강동구,서울특별시,11240,송파구,서울특별시,border_touch,True,5.709
11250,강동구,서울특별시,31180,하남시,경기도,border_touch,True,6.042
21010,중구,부산광역시,21020,서구,부산광역시,border_touch,True,1.6
21010,중구,부산광역시,21030,동구,부산광역시,border_touch,True,2.789
21020,서구,부산광역시,21010,중구,부산광역시,border_touch,True,1.6
21020,서구,부산광역시,21030,동구,부산광역시,border_touch,True,3.932
21020,서구,부산광역시,21100,사하구,부산광역시,border_touch,True,4.466
21020,서구,부산광역시,21150,사상구,부산광역시,border_touch,True,6.664
21020,서구,부산광역시,21050,부산진구,부산광역시,border_touch,True,7.403
21030,동구,부산광역시,21010,중구,부산광역시,border_touch,True,2.789
21030,동구,부산광역시,21020,서구,부산광역시,border_touch,True,3.932
21030,동구,부산광역시,21050,부산진구,부산광역시,border_touch,True,4.114
21030,동구,부산광역시,21070,남구,부산광역시,border_touch,True,4.527
21050,부산진구,부산광역시,21130,연제구,부산광역시,border_touch,True,4.103
21050,부산진구,부산광역시,21030,동구,부산광역시,border_touch,True,4.114
21050,부산진구,부산광역시,21150,사상구,부산광역시,border_touch,True,5.204
21050,부산진구,부산광역시,21060,동래구,부산광역시,border_touch,True,5.607
21050,부산진구,부산광역시,21070,남구,부산광역시,border_touch,True,6.441
21050,부산진구,부산광역시,21080,북구,부산광역시,border_touch,True,7.319
21050,부산진구,부산광역시,21020,서구,부산광역시,border_touch,True,7.403
21060,동래구,부산광역시,21130,연제구,부산광역시,border_touch,True,2.665
21060,동래구,부산광역시,21050,부산진구,부산광역시,border_touch,True,5.607
21060,동래구,부산광역시,21080,북구,부산광역시,border_touch,True,5.681
21060,동래구,부산광역시,21140,수영구,부산광역시,border_touch,True,5.787
21060,동래구,부산광역시,21110,금정구,부산광역시,border_touch,True,5.951
21060,동래구,부산광역시,21090,해운대구,부산광역시,border_touch,True,6.925
21070,남구,부산광역시,21140,수영구,부산광역시,border_touch,True,4.267
21070,남구,부산광역시,21030,동구,부산광역시,border_touch,True,4.527
21070,남구,부산광역시,21130,연제구,부산광역시,border_touch,True,6.408
21070,남구,부산광역시,21050,부산진구,부산광역시,border_touch,True,6.441
21080,북구,부산광역시,21060,동래구,부산광역시,border_touch,True,5.681
21080,북구,부산광역시,21110,금정구,부산광역시,border_touch,True,7.012
21080,북구,부산광역시,21050,부산진구,부산광역시,border_touch,True,7.319
21080,북구,부산광역시,21150,사상구,부산광역시,border_touch,True,8.587
21080,북구,부산광역시,21120,강서구,부산광역시,border_touch,True,15.861
21080,북구,부산광역시,38070,김해시,경상남도,border_touch,True,16.901
21080,북구,부산광역시,38100,양산시,경상남도,border_touch,True,19.214
21090,해운대구,부산광역시,21140,수영구,부산광역시,border_touch,True,5.269
21090,해운대구,부산광역시,21060,동래구,부산광역시,border_touch,True,6.925
21090,해운대구,부산광역시,21110,금정구,부산광역시,border_touch,True,9.187
21090,해운대구,부산광역시,21510,기장군,부산광역시,border_touch,True,12.34
21100,사하구,부산광역시,21020,서구,부산광역시,border_touch,True,4.466
21100,사하구,부산광역시,21150,사상구,부산광역시,border_touch,True,8.133
21100,사하구,부산광역시,21120,강서구,부산광역시,border_touch,True,9.157
21110,금정구,부산광역시,21060,동래구,부산광역시,border_touch,True,5.951
21110,금정구,부산광역시,21080,북구,부산광역시,border_touch,True,7.012
21110,금정구,부산광역시,21090,해운대구,부산광역시,border_touch,True,9.187
21110,금정구,부산광역시,21510,기장군,부산광역시,border_touch,True,10.863
21110,금정구,부산광역시,38100,양산시,경상남도,border_touch,True,16.514
21120,강서구,부산광역시,21150,사상구,부산광역시,border_touch,True,9.033
21120,강서구,부산광역시,21100,사하구,부산광역시,border_touch,True,9.157
21120,강서구,부산광역시,38115,창원시 진해구,경상남도,border_touch,True,14.079
21120,강서구,부산광역시,38070,김해시,경상남도,border_touch,True,15.617
21120,강서구,부산광역시,21080,북구,부산광역시,border_touch,True,15.861
21130,연제구,부산광역시,21060,동래구,부산광역시,border_touch,True,2.665
21130,연제구,부산광역시,21140,수영구,부산광역시,border_touch,True,3.491
21130,연제구,부산광역시,21050,부산진구,부산광역시,border_touch,True,4.103
21130,연제구,부산광역시,21070,남구,부산광역시,border_touch,True,6.408
21140,수영구,부산광역시,21130,연제구,부산광역시,border_touch,True,3.491
21140,수영구,부산광역시,21070,남구,부산광역시,border_touch,True,4.267
21140,수영구,부산광역시,21090,해운대구,부산광역시,border_touch,True,5.269
21140,수영구,부산광역시,21060,동래구,부산광역시,border_touch,True,5.787
21150,사상구,부산광역시,21050,부산진구,부산광역시,border_touch,True,5.204
21150,사상구,부산광역시,21020,서구,부산광역시,border_touch,True,6.664
21150,사상구,부산광역시,21100,사하구,부산광역시,border_touch,True,8.133
21150,사상구,부산광역시,21080,북구,부산광역시,border_touch,True,8.587
21150,사상구,부산광역시,21120,강서구,부산광역시,border_touch,True,9.033
21510,기장군,부산광역시,21110,금정구,부산광역시,border_touch,True,10.863
21510,기장군,부산광역시,21090,해운대구,부산광역시,border_touch,True,12.34
21510,기장군,부산광역시,38100,양산시,경상남도,border_touch,True,18.571
21510,기장군,부산광역시,26510,울주군,울산광역시,border_touch,True,27.552
22010,중구,대구광역시,22040,남구,대구광역시,border_touch,True,3.562
22010,중구,대구광역시,22030,서구,대구광역시,border_touch,True,4.077
22010,중구,대구광역시,22050,북구,대구광역시,border_touch,True,7.066
22010,중구,대구광역시,22060,수성구,대구광역시,border_touch,True,7.108
22010,중구,대구광역시,22070,달서구,대구광역시,border_touch,True,7.25
22010,중구,대구광역시,22020,동구,대구광역시,border_touch,True,11.22
22020,동구,대구광역시,22050,북구,대구광역시,border_touch,True,9.789
22020,동구,대구광역시,22010,중구,대구광역시,border_touch,True,11.22
22020,동구,대구광역시,22060,수성구,대구광역시,border_touch,True,11.383
22020,동구,대구광역시,37100,경산시,경상북도,border_touch,True,15.755
22020,동구,대구광역시,37590,칠곡군,경상북도,border_touch,True,22.031
22020,동구,대구광역시,37070,영천시,경상북도,border_touch,True,24.869
22020,동구,대구광역시,22520,군위군,대구광역시,border_touch,True,26.357
22030,서구,대구광역시,22010,중구,대구광역시,border_touch,True,4.077
22030,서구,대구광역시,22070,달서구,대구광역시,border_touch,True,5.583
22030,서구,대구광역시,22050,북구,대구광역시,border_touch,True,6.46
22030,서구,대구광역시,22510,달성군,대구광역시,border_touch,True,13.631
22040,남구,대구광역시,22010,중구,대구광역시,border_touch,True,3.562
22040,남구,대구광역시,22070,달서구,대구광역시,border_touch,True,5.157
22040,남구,대구광역시,22060,수성구,대구광역시,border_touch,True,6.858
22040,남구,대구광역시,22510,달성군,대구광역시,border_touch,True,11.491
22050,북구,대구광역시,22030,서구,대구광역시,border_touch,True,6.46
22050,북구,대구광역시,22010,중구,대구광역시,border_touch,True,7.066
22050,북구,대구광역시,22020,동구,대구광역시,border_touch,True,9.789
22050,북구,대구광역시,37590,칠곡군,경상북도,border_touch,True,14.129
22050,북구,대구광역시,22510,달성군,대구광역시,border_touch,True,20.085
22060,수성구,대구광역시,22040,남구,대구광역시,border_touch,True,6.858
22060,수성구,대구광역시,22010,중구,대구광역시,border_touch,True,7.108
22060,수성구,대구광역시,22020,동구,대구광역시,border_touch,True,11.383
22060,수성구,대구광역시,37100,경산시,경상북도,border_touch,True,13.354
22060,수성구,대구광역시,22510,달성군,대구광역시,border_touch,True,16.87
22070,달서구,대구광역시,22040,남구,대구광역시,border_touch,True,5.157
22070,달서구,대구광역시,22030,서구,대구광역시,border_touch,True,5.583
22070,달서구,대구광역시,22010,중구,대구광역시,border_touch,True,7.25
22070,달서구,대구광역시,22510,달성군,대구광역시,border_touch,True,8.048
22070,달서구,대구광역시,37570,고령군,경상북도,border_touch,True,22.454
22510,달성군,대구광역시,22070,달서구,대구광역시,border_touch,True,8.048
22510,달성군,대구광역시,22040,남구,대구광역시,border_touch,True,11.491
22510,달성군,대구광역시,22030,서구,대구광역시,border_touch,True,13.631
22510,달성군,대구광역시,22060,수성구,대구광역시,border_touch,True,16.87
22510,달성군,대구광역시,37570,고령군,경상북도,border_touch,True,17.498
22510,달성군,대구광역시,22050,북구,대구광역시,border_touch,True,20.085
22510,달성군,대구광역시,37560,청도군,경상북도,border_touch,True,27.788
22510,달성군,대구광역시,38530,창녕군,경상남도,border_touch,True,27.873
22510,달성군,대구광역시,37590,칠곡군,경상북도,border_touch,True,28.575
22510,달성군,대구광역시,37580,성주군,경상북도,border_touch,True,28.995
22510,달성군,대구광역시,37100,경산시,경상북도,border_touch,True,29.275
22520,군위군,대구광역시,37520,의성군,경상북도,border_touch,True,21.499
22520,군위군,대구광역시,37590,칠곡군,경상북도,border_touch,True,23.947
22520,군위군,대구광역시,22020,동구,대구광역시,border_touch,True,26.357
22520,군위군,대구광역시,37050,구미시,경상북도,border_touch,True,26.639
22520,군위군,대구광역시,37070,영천시,경상북도,border_touch,True,31.555
22520,군위군,대구광역시,37530,청송군,경상북도,border_touch,True,42.203
23010,중구,인천광역시,23020,동구,인천광역시,border_touch,True,13.806
23010,중구,인천광역시,23090,미추홀구,인천광역시,border_touch,True,16.087
23020,동구,인천광역시,23090,미추홀구,인천광역시,border_touch,True,4.067
23020,동구,인천광역시,23080,서구,인천광역시,border_touch,True,8.544
23020,동구,인천광역시,23010,중구,인천광역시,border_touch,True,13.806
23040,연수구,인천광역시,23090,미추홀구,인천광역시,border_touch,True,6.918
23040,연수구,인천광역시,23050,남동구,인천광역시,border_touch,True,8.144
23050,남동구,인천광역시,23090,미추홀구,인천광역시,border_touch,True,5.981
23050,남동구,인천광역시,31150,시흥시,경기도,border_touch,True,7.092
23050,남동구,인천광역시,23060,부평구,인천광역시,border_touch,True,7.307
23050,남동구,인천광역시,31052,부천시 소사구,경기도,border_touch,True,7.91
23050,남동구,인천광역시,23040,연수구,인천광역시,border_touch,True,8.144
23050,남동구,인천광역시,23080,서구,인천광역시,border_touch,True,15.734
23060,부평구,인천광역시,31051,부천시 원미구,경기도,border_touch,True,5.119
23060,부평구,인천광역시,23070,계양구,인천광역시,border_touch,True,6.835
23060,부평구,인천광역시,31052,부천시 소사구,경기도,border_touch,True,7.102
23060,부평구,인천광역시,31053,부천시 오정구,경기도,border_touch,True,7.249
23060,부평구,인천광역시,23050,남동구,인천광역시,border_touch,True,7.307
23060,부평구,인천광역시,23080,서구,인천광역시,border_touch,True,9.299
23070,계양구,인천광역시,31053,부천시 오정구,경기도,border_touch,True,6.145
23070,계양구,인천광역시,23060,부평구,인천광역시,border_touch,True,6.835
23070,계양구,인천광역시,23080,서구,인천광역시,border_touch,True,7.326
23070,계양구,인천광역시,11160,강서구,서울특별시,border_touch,True,7.795
23070,계양구,인천광역시,31230,김포시,경기도,border_touch,True,16.738
23080,서구,인천광역시,23070,계양구,인천광역시,border_touch,True,7.326
23080,서구,인천광역시,23020,동구,인천광역시,border_touch,True,8.544
23080,서구,인천광역시,23060,부평구,인천광역시,border_touch,True,9.299
23080,서구,인천광역시,23090,미추홀구,인천광역시,border_touch,True,11.929
23080,서구,인천광역시,31230,김포시,경기도,border_touch,True,13.64
23080,서구,인천광역시,23050,남동구,인천광역시,border_touch,True,15.734
23090,미추홀구,인천광역시,23020,동구,인천광역시,border_touch,True,4.067
23090,미추홀구,인천광역시,23050,남동구,인천광역시,border_touch,True,5.981
23090,미추홀구,인천광역시,23040,연수구,인천광역시,border_touch,True,6.918
23090,미추홀구,인천광역시,23080,서구,인천광역시,border_touch,True,11.929
23090,미추홀구,인천광역시,23010,중구,인천광역시,border_touch,True,16.087
24010,동구,광주광역시,24040,북구,광주광역시,border_touch,True,8.69
24010,동구,광주광역시,24030,남구,광주광역시,border_touch,True,8.834
24010,동구,광주광역시,24020,서구,광주광역시,border_touch,True,9.226
24010,동구,광주광역시,36570,화순군,전라남도,border_touch,True,14.329
24020,서구,광주광역시,24030,남구,광주광역시,border_touch,True,4.65
24020,서구,광주광역시,24010,동구,광주광역시,border_touch,True,9.226
24020,서구,광주광역시,24040,북구,광주광역시,border_touch,True,9.334
24020,서구,광주광역시,24050,광산구,광주광역시,border_touch,True,9.483
24030,남구,광주광역시,24020,서구,광주광역시,border_touch,True,4.65
24030,남구,광주광역시,24010,동구,광주광역시,border_touch,True,8.834
24030,남구,광주광역시,24050,광산구,광주광역시,border_touch,True,12.308
24030,남구,광주광역시,36040,나주시,전라남도,border_touch,True,17.075
24030,남구,광주광역시,36570,화순군,전라남도,border_touch,True,18.717
24040,북구,광주광역시,24010,동구,광주광역시,border_touch,True,8.69
24040,북구,광주광역시,24020,서구,광주광역시,border_touch,True,9.334
24040,북구,광주광역시,36510,담양군,전라남도,border_touch,True,12.613
24040,북구,광주광역시,24050,광산구,광주광역시,border_touch,True,16.025
24040,북구,광주광역시,36650,장성군,전라남도,border_touch,True,20.794
24040,북구,광주광역시,36570,화순군,전라남도,border_touch,True,22.759
24050,광산구,광주광역시,24020,서구,광주광역시,border_touch,True,9.483
24050,광산구,광주광역시,24030,남구,광주광역시,border_touch,True,12.308
24050,광산구,광주광역시,24040,북구,광주광역시,border_touch,True,16.025
24050,광산구,광주광역시,36650,장성군,전라남도,border_touch,True,18.304
24050,광산구,광주광역시,36040,나주시,전라남도,border_touch,True,19.791
24050,광산구,광주광역시,36630,함평군,전라남도,border_touch,True,20.641
25010,동구,대전광역시,25020,중구,대전광역시,border_touch,True,7.471
25010,동구,대전광역시,25050,대덕구,대전광역시,border_touch,True,10.288
25010,동구,대전광역시,33530,옥천군,충청북도,border_touch,True,16.298
25010,동구,대전광역시,34510,금산군,충청남도,border_touch,True,22.73
25010,동구,대전광역시,33520,보은군,충청북도,border_touch,True,29.31
25010,동구,대전광역시,33041,청주시 상당구,충청북도,border_touch,True,31.336
25020,중구,대전광역시,25030,서구,대전광역시,border_touch,True,5.923
25020,중구,대전광역시,25010,동구,대전광역시,border_touch,True,7.471
25020,중구,대전광역시,25050,대덕구,대전광역시,border_touch,True,14.812
25020,중구,대전광역시,34510,금산군,충청남도,border_touch,True,18.936
25030,서구,대전광역시,25020,중구,대전광역시,border_touch,True,5.923
25030,서구,대전광역시,34070,계룡시,충청남도,border_touch,True,10.022
25030,서구,대전광역시,25040,유성구,대전광역시,border_touch,True,10.754
25030,서구,대전광역시,25050,대덕구,대전광역시,border_touch,True,16.938
25030,서구,대전광역시,34060,논산시,충청남도,border_touch,True,19.546
25030,서구,대전광역시,34510,금산군,충청남도,border_touch,True,21.526
25040,유성구,대전광역시,25050,대덕구,대전광역시,border_touch,True,10.364
25040,유성구,대전광역시,25030,서구,대전광역시,border_touch,True,10.754
25040,유성구,대전광역시,34070,계룡시,충청남도,border_touch,True,12.957
25040,유성구,대전광역시,33042,청주시 서원구,충청북도,border_touch,True,21.165
25040,유성구,대전광역시,29010,세종시,세종특별자치시,border_touch,True,21.462
25040,유성구,대전광역시,34020,공주시,충청남도,border_touch,True,25.799
25050,대덕구,대전광역시,25010,동구,대전광역시,border_touch,True,10.288
25050,대덕구,대전광역시,25040,유성구,대전광역시,border_touch,True,10.364
25050,대덕구,대전광역시,25020,중구,대전광역시,border_touch,True,14.812
25050,대덕구,대전광역시,33042,청주시 서원구,충청북도,border_touch,True,15.009
25050,대덕구,대전광역시,25030,서구,대전광역시,border_touch,True,16.938
25050,대덕구,대전광역시,33041,청주시 상당구,충청북도,border_touch,True,23.792
26010,중구,울산광역시,26020,남구,울산광역시,border_touch,True,6.545
26010,중구,울산광역시,26040,북구,울산광역시,border_touch,True,7.811
26010,중구,울산광역시,26510,울주군,울산광역시,border_touch,True,11.268
26020,남구,울산광역시,26010,중구,울산광역시,border_touch,True,6.545
26020,남구,울산광역시,26040,북구,울산광역시,border_touch,True,11.503
26020,남구,울산광역시,26510,울주군,울산광역시,border_touch,True,13.342
26030,동구,울산광역시,26040,북구,울산광역시,border_touch,True,10.295
26040,북구,울산광역시,26010,중구,울산광역시,border_touch,True,7.811
26040,북구,울산광역시,26030,동구,울산광역시,border_touch,True,10.295
26040,북구,울산광역시,26020,남구,울산광역시,border_touch,True,11.503
26040,북구,울산광역시,26510,울주군,울산광역시,border_touch,True,18.817
26040,북구,울산광역시,37020,경주시,경상북도,border_touch,True,27.32
26510,울주군,울산광역시,26010,중구,울산광역시,border_touch,True,11.268
26510,울주군,울산광역시,26020,남구,울산광역시,border_touch,True,13.342
26510,울주군,울산광역시,26040,북구,울산광역시,border_touch,True,18.817
26510,울주군,울산광역시,38100,양산시,경상남도,border_touch,True,20.803
26510,울주군,울산광역시,21510,기장군,부산광역시,border_touch,True,27.552
26510,울주군,울산광역시,37020,경주시,경상북도,border_touch,True,31.435
26510,울주군,울산광역시,38080,밀양시,경상남도,border_touch,True,36.494
26510,울주군,울산광역시,37560,청도군,경상북도,border_touch,True,38.987
29010,세종시,세종특별자치시,33043,청주시 흥덕구,충청북도,border_touch,True,13.757
29010,세종시,세종특별자치시,33042,청주시 서원구,충청북도,border_touch,True,16.152
29010,세종시,세종특별자치시,34020,공주시,충청남도,border_touch,True,18.722
29010,세종시,세종특별자치시,25040,유성구,대전광역시,border_touch,True,21.462
29010,세종시,세종특별자치시,34011,천안시 동남구,충청남도,border_touch,True,22.821
31011,수원시 장안구,경기도,31013,수원시 팔달구,경기도,border_touch,True,4.206
31011,수원시 장안구,경기도,31170,의왕시,경기도,border_touch,True,5.509
31011,수원시 장안구,경기도,31012,수원시 권선구,경기도,border_touch,True,6.29
31011,수원시 장안구,경기도,31014,수원시 영통구,경기도,border_touch,True,6.401
31011,수원시 장안구,경기도,31193,용인시 수지구,경기도,border_touch,True,6.411
31012,수원시 권선구,경기도,31013,수원시 팔달구,경기도,border_touch,True,3.741
31012,수원시 권선구,경기도,31011,수원시 장안구,경기도,border_touch,True,6.29
31012,수원시 권선구,경기도,31014,수원시 영통구,경기도,border_touch,True,7.011
31012,수원시 권선구,경기도,31170,의왕시,경기도,border_touch,True,11.334
31012,수원시 권선구,경기도,31091,안산시 상록구,경기도,border_touch,True,11.451
31012,수원시 권선구,경기도,31240,화성시,경기도,border_touch,True,14.853
31013,수원시 팔달구,경기도,31014,수원시 영통구,경기도,border_touch,True,3.599
31013,수원시 팔달구,경기도,31012,수원시 권선구,경기도,border_touch,True,3.741
31013,수원시 팔달구,경기도,31011,수원시 장안구,경기도,border_touch,True,4.206
31014,수원시 영통구,경기도,31013,수원시 팔달구,경기도,border_touch,True,3.599
31014,수원시 영통구,경기도,31192,용인시 기흥구,경기도,border_touch,True,5.791
31014,수원시 영통구,경기도,31011,수원시 장안구,경기도,border_touch,True,6.401
31014,수원시 영통구,경기도,31193,용인시 수지구,경기도,border_touch,True,6.613
31014,수원시 영통구,경기도,31012,수원시 권선구,경기도,border_touch,True,7.011
31014,수원시 영통구,경기도,31240,화성시,경기도,border_touch,True,21.244
31021,성남시 수정구,경기도,31022,성남시 중원구,경기도,border_touch,True,5.285
31021,성남시 수정구,경기도,31023,성남시 분당구,경기도,border_touch,True,6.207
31021,성남시 수정구,경기도,11220,서초구,서울특별시,border_touch,True,7.709
31021,성남시 수정구,경기도,11230,강남구,서울특별시,border_touch,True,7.725
31021,성남시 수정구,경기도,11240,송파구,서울특별시,border_touch,True,7.866
31021,성남시 수정구,경기도,31110,과천시,경기도,border_touch,True,8.983
31021,성남시 수정구,경기도,31170,의왕시,경기도,border_touch,True,12.972
31021,성남시 수정구,경기도,31180,하남시,경기도,border_touch,True,13.239
31022,성남시 중원구,경기도,31021,성남시 수정구,경기도,border_touch,True,5.285
31022,성남시 중원구,경기도,31023,성남시 분당구,경기도,border_touch,True,7.89
31022,성남시 중원구,경기도,31180,하남시,경기도,border_touch,True,10.591
31022,성남시 중원구,경기도,31250,광주시,경기도,border_touch,True,12.605
31023,성남시 분당구,경기도,31193,용인시 수지구,경기도,border_touch,True,5.936
31023,성남시 분당구,경기도,31021,성남시 수정구,경기도,border_touch,True,6.207
31023,성남시 분당구,경기도,31022,성남시 중원구,경기도,border_touch,True,7.89
31023,성남시 분당구,경기도,31170,의왕시,경기도,border_touch,True,10.478
31023,성남시 분당구,경기도,31250,광주시,경기도,border_touch,True,17.475
31030,의정부시,경기도,11100,도봉구,서울특별시,border_touch,True,8.093
31030,의정부시,경기도,11110,노원구,서울특별시,border_touch,True,9.303
31030,의정부시,경기도,31260,양주시,경기도,border_touch,True,9.988
31030,의정부시,경기도,31130,남양주시,경기도,border_touch,True,17.476
31030,의정부시,경기도,31270,포천시,경기도,border_touch,True,30.459
31041,안양시 만안구,경기도,31042,안양시 동안구,경기도,border_touch,True,3.92
31041,안양시 만안구,경기도,31060,광명시,경기도,border_touch,True,6.147
31041,안양시 만안구,경기도,11180,금천구,서울특별시,border_touch,True,6.332
31041,안양시 만안구,경기도,31160,군포시,경기도,border_touch,True,6.783
31041,안양시 만안구,경기도,11210,관악구,서울특별시,border_touch,True,7.635
31041,안양시 만안구,경기도,31091,안산시 상록구,경기도,border_touch,True,10.457
31041,안양시 만안구,경기도,31150,시흥시,경기도,border_touch,True,11.49
31042,안양시 동안구,경기도,31041,안양시 만안구,경기도,border_touch,True,3.92
31042,안양시 동안구,경기도,31170,의왕시,경기도,border_touch,True,5.191
31042,안양시 동안구,경기도,31110,과천시,경기도,border_touch,True,5.591
31042,안양시 동안구,경기도,31160,군포시,경기도,border_touch,True,7.009
31042,안양시 동안구,경기도,11210,관악구,서울특별시,border_touch,True,7.486
31051,부천시 원미구,경기도,31052,부천시 소사구,경기도,border_touch,True,3.176
31051,부천시 원미구,경기도,31053,부천시 오정구,경기도,border_touch,True,3.339
31051,부천시 원미구,경기도,23060,부평구,인천광역시,border_touch,True,5.119
31051,부천시 원미구,경기도,11170,구로구,서울특별시,border_touch,True,6.862
31052,부천시 소사구,경기도,31051,부천시 원미구,경기도,border_touch,True,3.176
31052,부천시 소사구,경기도,11170,구로구,서울특별시,border_touch,True,5.689
31052,부천시 소사구,경기도,31060,광명시,경기도,border_touch,True,6.856
31052,부천시 소사구,경기도,23060,부평구,인천광역시,border_touch,True,7.102
31052,부천시 소사구,경기도,23050,남동구,인천광역시,border_touch,True,7.91
31052,부천시 소사구,경기도,31150,시흥시,경기도,border_touch,True,9.93
31053,부천시 오정구,경기도,31051,부천시 원미구,경기도,border_touch,True,3.339
31053,부천시 오정구,경기도,11160,강서구,서울특별시,border_touch,True,4.544
31053,부천시 오정구,경기도,11150,양천구,서울특별시,border_touch,True,5.483
31053,부천시 오정구,경기도,23070,계양구,인천광역시,border_touch,True,6.145
31053,부천시 오정구,경기도,11170,구로구,서울특별시,border_touch,True,6.669
31053,부천시 오정구,경기도,23060,부평구,인천광역시,border_touch,True,7.249
31060,광명시,경기도,11180,금천구,서울특별시,border_touch,True,3.624
31060,광명시,경기도,11170,구로구,서울특별시,border_touch,True,5.514
31060,광명시,경기도,31041,안양시 만안구,경기도,border_touch,True,6.147
31060,광명시,경기도,31052,부천시 소사구,경기도,border_touch,True,6.856
31060,광명시,경기도,31150,시흥시,경기도,border_touch,True,9.723
31070,평택시,경기도,31140,오산시,경기도,border_touch,True,17.215
31070,평택시,경기도,34012,천안시 서북구,충청남도,border_touch,True,20.262
31070,평택시,경기도,31240,화성시,경기도,border_touch,True,20.992
31070,평택시,경기도,34040,아산시,충청남도,border_touch,True,23.098
31070,평택시,경기도,31220,안성시,경기도,border_touch,True,27.626
31070,평택시,경기도,31191,용인시 처인구,경기도,border_touch,True,31.114
31070,평택시,경기도,34080,당진시,충청남도,border_touch,True,32.742
31080,동두천시,경기도,31260,양주시,경기도,border_touch,True,13.743
31080,동두천시,경기도,31270,포천시,경기도,border_touch,True,16.261
31080,동두천시,경기도,31550,연천군,경기도,border_touch,True,20.583
31091,안산시 상록구,경기도,31160,군포시,경기도,border_touch,True,5.434
31091,안산시 상록구,경기도,31041,안양시 만안구,경기도,border_touch,True,10.457
31091,안산시 상록구,경기도,31150,시흥시,경기도,border_touch,True,10.972
31091,안산시 상록구,경기도,31012,수원시 권선구,경기도,border_touch,True,11.451
31091,안산시 상록구,경기도,31170,의왕시,경기도,border_touch,True,11.749
31091,안산시 상록구,경기도,31240,화성시,경기도,border_touch,True,16.235
31091,안산시 상록구,경기도,31092,안산시 단원구,경기도,border_touch,True,17.123
31092,안산시 단원구,경기도,31150,시흥시,경기도,border_touch,True,14.935
31092,안산시 단원구,경기도,31091,안산시 상록구,경기도,border_touch,True,17.123
31092,안산시 단원구,경기도,31240,화성시,경기도,buffer_intersects,False,19.509
31101,고양시 덕양구,경기도,11120,은평구,서울특별시,border_touch,True,5.892
31101,고양시 덕양구,경기도,31103,고양시 일산동구,경기도,border_touch,True,7.647
31101,고양시 덕양구,경기도,11140,마포구,서울특별시,border_touch,True,11.02
31101,고양시 덕양구,경기도,11010,종로구,서울특별시,border_touch,True,11.022
31101,고양시 덕양구,경기도,11160,강서구,서울특별시,border_touch,True,11.592
31101,고양시 덕양구,경기도,11090,강북구,서울특별시,border_touch,True,11.774
31101,고양시 덕양구,경기도,11080,성북구,서울특별시,border_touch,True,13.456
31101,고양시 덕양구,경기도,31260,양주시,경기도,border_touch,True,20.103
31101,고양시 덕양구,경기도,31230,김포시,경기도,border_touch,True,22.469
31101,고양시 덕양구,경기도,31200,파주시,경기도,border_touch,True,22.981
31103,고양시 일산동구,경기도,31104,고양시 일산서구,경기도,border_touch,True,6.129
31103,고양시 일산동구,경기도,31101,고양시 덕양구,경기도,border_touch,True,7.647
31103,고양시 일산동구,경기도,31230,김포시,경기도,border_touch,True,15.126
31103,고양시 일산동구,경기도,31200,파주시,경기도,border_touch,True,19.527
31104,고양시 일산서구,경기도,31103,고양시 일산동구,경기도,border_touch,True,6.129
31104,고양시 일산서구,경기도,31230,김포시,경기도,border_touch,True,8.998
31104,고양시 일산서구,경기도,31200,파주시,경기도,border_touch,True,20.724
31110,과천시,경기도,11220,서초구,서울특별시,border_touch,True,5.054
31110,과천시,경기도,31042,안양시 동안구,경기도,border_touch,True,5.591
31110,과천시,경기도,11210,관악구,서울특별시,border_touch,True,6.291
31110,과천시,경기도,31170,의왕시,경기도,border_touch,True,8.012
31110,과천시,경기도,31021,성남시 수정구,경기도,border_touch,True,8.983
31120,구리시,경기도,11070,중랑구,서울특별시,border_touch,True,3.387
31120,구리시,경기도,11250,강동구,서울특별시,border_touch,True,5.585
31120,구리시,경기도,11050,광진구,서울특별시,border_touch,True,7.072
31120,구리시,경기도,11110,노원구,서울특별시,border_touch,True,7.717
31120,구리시,경기도,31180,하남시,경기도,border_touch,True,10.741
31120,구리시,경기도,31130,남양주시,경기도,border_touch,True,12.158
31130,남양주시,경기도,31120,구리시,경기도,border_touch,True,12.158
31130,남양주시,경기도,11110,노원구,서울특별시,border_touch,True,14.913
31130,남양주시,경기도,31180,하남시,경기도,border_touch,True,15.854
31130,남양주시,경기도,31030,의정부시,경기도,border_touch,True,17.476
31130,남양주시,경기도,31570,가평군,경기도,border_touch,True,25.106
31130,남양주시,경기도,31250,광주시,경기도,border_touch,True,29.228
31130,남양주시,경기도,31580,양평군,경기도,border_touch,True,33.686
31130,남양주시,경기도,31270,포천시,경기도,border_touch,True,34.094
31140,오산시,경기도,31070,평택시,경기도,border_touch,True,17.215
31140,오산시,경기도,31240,화성시,경기도,border_touch,True,17.296
31150,시흥시,경기도,23050,남동구,인천광역시,border_touch,True,7.092
31150,시흥시,경기도,31060,광명시,경기도,border_touch,True,9.723
31150,시흥시,경기도,31052,부천시 소사구,경기도,border_touch,True,9.93
31150,시흥시,경기도,31091,안산시 상록구,경기도,border_touch,True,10.972
31150,시흥시,경기도,31041,안양시 만안구,경기도,border_touch,True,11.49
31150,시흥시,경기도,31092,안산시 단원구,경기도,border_touch,True,14.935
31160,군포시,경기도,31091,안산시 상록구,경기도,border_touch,True,5.434
31160,군포시,경기도,31170,의왕시,경기도,border_touch,True,6.422
31160,군포시,경기도,31041,안양시 만안구,경기도,border_touch,True,6.783
31160,군포시,경기도,31042,안양시 동안구,경기도,border_touch,True,7.009
31170,의왕시,경기도,31042,안양시 동안구,경기도,border_touch,True,5.191
31170,의왕시,경기도,31011,수원시 장안구,경기도,border_touch,True,5.509
31170,의왕시,경기도,31160,군포시,경기도,border_touch,True,6.422
31170,의왕시,경기도,31193,용인시 수지구,경기도,border_touch,True,7.938
31170,의왕시,경기도,31110,과천시,경기도,border_touch,True,8.012
31170,의왕시,경기도,31023,성남시 분당구,경기도,border_touch,True,10.478
31170,의왕시,경기도,31012,수원시 권선구,경기도,border_touch,True,11.334
31170,의왕시,경기도,31091,안산시 상록구,경기도,border_touch,True,11.749
31170,의왕시,경기도,31021,성남시 수정구,경기도,border_touch,True,12.972
31180,하남시,경기도,11250,강동구,서울특별시,border_touch,True,6.042
31180,하남시,경기도,11240,송파구,서울특별시,border_touch,True,8.235
31180,하남시,경기도,31022,성남시 중원구,경기도,border_touch,True,10.591
31180,하남시,경기도,31120,구리시,경기도,border_touch,True,10.741
31180,하남시,경기도,31021,성남시 수정구,경기도,border_touch,True,13.239
31180,하남시,경기도,31250,광주시,경기도,border_touch,True,15.727
31180,하남시,경기도,31130,남양주시,경기도,border_touch,True,15.854
31191,용인시 처인구,경기도,31192,용인시 기흥구,경기도,border_touch,True,13.667
31191,용인시 처인구,경기도,31220,안성시,경기도,border_touch,True,19.188
31191,용인시 처인구,경기도,31210,이천시,경기도,border_touch,True,20.251
31191,용인시 처인구,경기도,31193,용인시 수지구,경기도,border_touch,True,21.608
31191,용인시 처인구,경기도,31250,광주시,경기도,border_touch,True,22.57
31191,용인시 처인구,경기도,31070,평택시,경기도,border_touch,True,31.114
31191,용인시 처인구,경기도,31240,화성시,경기도,border_touch,True,35.367
31192,용인시 기흥구,경기도,31014,수원시 영통구,경기도,border_touch,True,5.791
31192,용인시 기흥구,경기도,31193,용인시 수지구,경기도,border_touch,True,8.55
31192,용인시 기흥구,경기도,31191,용인시 처인구,경기도,border_touch,True,13.667
31192,용인시 기흥구,경기도,31240,화성시,경기도,border_touch,True,25.859
31193,용인시 수지구,경기도,31023,성남시 분당구,경기도,border_touch,True,5.936
31193,용인시 수지구,경기도,31011,수원시 장안구,경기도,border_touch,True,6.411
31193,용인시 수지구,경기도,31014,수원시 영통구,경기도,border_touch,True,6.613
31193,용인시 수지구,경기도,31170,의왕시,경기도,border_touch,True,7.938
31193,용인시 수지구,경기도,31192,용인시 기흥구,경기도,border_touch,True,8.55
31193,용인시 수지구,경기도,31191,용인시 처인구,경기도,border_touch,True,21.608
31193,용인시 수지구,경기도,31250,광주시,경기도,border_touch,True,21.75
31200,파주시,경기도,31260,양주시,경기도,border_touch,True,17.651
31200,파주시,경기도,31103,고양시 일산동구,경기도,border_touch,True,19.527
31200,파주시,경기도,31104,고양시 일산서구,경기도,border_touch,True,20.724
31200,파주시,경기도,31101,고양시 덕양구,경기도,border_touch,True,22.981
31200,파주시,경기도,31230,김포시,경기도,border_touch,True,25.245
31200,파주시,경기도,31550,연천군,경기도,border_touch,True,32.75
31210,이천시,경기도,31280,여주시,경기도,border_touch,True,15.762
31210,이천시,경기도,31191,용인시 처인구,경기도,border_touch,True,20.251
31210,이천시,경기도,31220,안성시,경기도,border_touch,True,25.033
31210,이천시,경기도,31250,광주시,경기도,border_touch,True,26.719
31210,이천시,경기도,33570,음성군,충청북도,border_touch,True,28.485
31220,안성시,경기도,31191,용인시 처인구,경기도,border_touch,True,19.188
31220,안성시,경기도,34012,천안시 서북구,충청남도,border_touch,True,20.166
31220,안성시,경기도,33550,진천군,충청북도,border_touch,True,21.943
31220,안성시,경기도,31210,이천시,경기도,border_touch,True,25.033
31220,안성시,경기도,31070,평택시,경기도,border_touch,True,27.626
31220,안성시,경기도,33570,음성군,충청북도,border_touch,True,28.47
31230,김포시,경기도,31104,고양시 일산서구,경기도,border_touch,True,8.998
31230,김포시,경기도,23080,서구,인천광역시,border_touch,True,13.64
31230,김포시,경기도,31103,고양시 일산동구,경기도,border_touch,True,15.126
31230,김포시,경기도,23070,계양구,인천광역시,border_touch,True,16.738
31230,김포시,경기도,11160,강서구,서울특별시,border_touch,True,21.87
31230,김포시,경기도,31101,고양시 덕양구,경기도,border_touch,True,22.469
31230,김포시,경기도,31200,파주시,경기도,border_touch,True,25.245
31240,화성시,경기도,31012,수원시 권선구,경기도,border_touch,True,14.853
31240,화성시,경기도,31091,안산시 상록구,경기도,border_touch,True,16.235
31240,화성시,경기도,31140,오산시,경기도,border_touch,True,17.296
31240,화성시,경기도,31092,안산시 단원구,경기도,buffer_intersects,False,19.509
31240,화성시,경기도,31070,평택시,경기도,border_touch,True,20.992
31240,화성시,경기도,31014,수원시 영통구,경기도,border_touch,True,21.244
31240,화성시,경기도,31192,용인시 기흥구,경기도,border_touch,True,25.859
31240,화성시,경기도,31191,용인시 처인구,경기도,border_touch,True,35.367
31250,광주시,경기도,31022,성남시 중원구,경기도,border_touch,True,12.605
31250,광주시,경기도,31180,하남시,경기도,border_touch,True,15.727
31250,광주시,경기도,31023,성남시 분당구,경기도,border_touch,True,17.475
31250,광주시,경기도,31193,용인시 수지구,경기도,border_touch,True,21.75
31250,광주시,경기도,31191,용인시 처인구,경기도,border_touch,True,22.57
31250,광주시,경기도,31210,이천시,경기도,border_touch,True,26.719
31250,광주시,경기도,31580,양평군,경기도,border_touch,True,27.704
31250,광주시,경기도,31130,남양주시,경기도,border_touch,True,29.228
31250,광주시,경기도,31280,여주시,경기도,border_touch,True,30.012
31260,양주시,경기도,31030,의정부시,경기도,border_touch,True,9.988
31260,양주시,경기도,31080,동두천시,경기도,border_touch,True,13.743
31260,양주시,경기도,11100,도봉구,서울특별시,border_touch,True,15.727
31260,양주시,경기도,31200,파주시,경기도,border_touch,True,17.651
31260,양주시,경기도,11090,강북구,서울특별시,border_touch,True,18.35
31260,양주시,경기도,31101,고양시 덕양구,경기도,border_touch,True,20.103
31260,양주시,경기도,31270,포천시,경기도,border_touch,True,28.279
31260,양주시,경기도,31550,연천군,경기도,border_touch,True,32.058
31270,포천시,경기도,31080,동두천시,경기도,border_touch,True,16.261
31270,포천시,경기도,31570,가평군,경기도,border_touch,True,24.305
31270,포천시,경기도,31550,연천군,경기도,border_touch,True,24.384
31270,포천시,경기도,31260,양주시,경기도,border_touch,True,28.279
31270,포천시,경기도,31030,의정부시,경기도,border_touch,True,30.459
31270,포천시,경기도,32560,철원군,강원특별자치도,border_touch,True,33.606
31270,포천시,경기도,31130,남양주시,경기도,border_touch,True,34.094
31270,포천시,경기도,32570,화천군,강원특별자치도,border_touch,True,42.491
31280,여주시,경기도,31210,이천시,경기도,border_touch,True,15.762
31280,여주시,경기도,31580,양평군,경기도,border_touch,True,24.135
31280,여주시,경기도,32020,원주시,강원특별자치도,border_touch,True,27.815
31280,여주시,경기도,31250,광주시,경기도,border_touch,True,30.012
31280,여주시,경기도,33570,음성군,충청북도,border_touch,True,36.192
31280,여주시,경기도,33020,충주시,충청북도,border_touch,True,40.415
31550,연천군,경기도,31080,동두천시,경기도,border_touch,True,20.583
31550,연천군,경기도,31270,포천시,경기도,border_touch,True,24.384
31550,연천군,경기도,31260,양주시,경기도,border_touch,True,32.058
31550,연천군,경기도,31200,파주시,경기도,border_touch,True,32.75
31550,연천군,경기도,32560,철원군,강원특별자치도,border_touch,True,37.819
31570,가평군,경기도,31270,포천시,경기도,border_touch,True,24.305
31570,가평군,경기도,31130,남양주시,경기도,border_touch,True,25.106
31570,가평군,경기도,32010,춘천시,강원특별자치도,border_touch,True,26.685
31570,가평군,경기도,31580,양평군,경기도,border_touch,True,35.216
31570,가평군,경기도,32570,화천군,강원특별자치도,border_touch,True,41.065
31570,가평군,경기도,32510,홍천군,강원특별자치도,border_touch,True,55.554
31580,양평군,경기도,31280,여주시,경기도,border_touch,True,24.135
31580,양평군,경기도,31250,광주시,경기도,border_touch,True,27.704
31580,양평군,경기도,31130,남양주시,경기도,border_touch,True,33.686
31580,양평군,경기도,31570,가평군,경기도,border_touch,True,35.216
31580,양평군,경기도,32020,원주시,강원특별자치도,border_touch,True,38.764
31580,양평군,경기도,32520,횡성군,강원특별자치도,border_touch,True,44.01
31580,양평군,경기도,32510,홍천군,강원특별자치도,border_touch,True,50.417
32010,춘천시,강원특별자치도,31570,가평군,경기도,border_touch,True,26.685
32010,춘천시,강원특별자치도,32570,화천군,강원특별자치도,border_touch,True,28.001
32010,춘천시,강원특별자치도,32510,홍천군,강원특별자치도,border_touch,True,33.528
32010,춘천시,강원특별자치도,32580,양구군,강원특별자치도,border_touch,True,39.358
32010,춘천시,강원특별자치도,32590,인제군,강원특별자치도,border_touch,True,50.079
32020,원주시,강원특별자치도,32520,횡성군,강원특별자치도,border_touch,True,25.82
32020,원주시,강원특별자치도,31280,여주시,경기도,border_touch,True,27.815
32020,원주시,강원특별자치도,33020,충주시,충청북도,border_touch,True,32.646
32020,원주시,강원특별자치도,33030,제천시,충청북도,border_touch,True,33.333
32020,원주시,강원특별자치도,31580,양평군,경기도,border_touch,True,38.764
32020,원주시,강원특별자치도,32530,영월군,강원특별자치도,border_touch,True,51.947
32030,강릉시,강원특별자치도,32040,동해시,강원특별자치도,border_touch,True,29.873
32030,강릉시,강원특별자치도,32540,평창군,강원특별자치도,border_touch,True,35.214
32030,강릉시,강원특별자치도,32550,정선군,강원특별자치도,border_touch,True,37.595
32030,강릉시,강원특별자치도,32610,양양군,강원특별자치도,border_touch,True,38.858
32030,강릉시,강원특별자치도,32510,홍천군,강원특별자치도,border_touch,True,66.954
32040,동해시,강원특별자치도,32070,삼척시,강원특별자치도,border_touch,True,26.132
32040,동해시,강원특별자치도,32030,강릉시,강원특별자치도,border_touch,True,29.873
32040,동해시,강원특별자치도,32550,정선군,강원특별자치도,border_touch,True,31.433
32050,태백시,강원특별자치도,32070,삼척시,강원특별자치도,border_touch,True,17.189
32050,태백시,강원특별자치도,37610,봉화군,경상북도,border_touch,True,27.091
32050,태백시,강원특별자치도,32550,정선군,강원특별자치도,border_touch,True,31.321
32050,태백시,강원특별자치도,32530,영월군,강원특별자치도,border_touch,True,42.707
32060,속초시,강원특별자치도,32610,양양군,강원특별자치도,border_touch,True,20.155
32060,속초시,강원특별자치도,32600,고성군,강원특별자치도,border_touch,True,24.659
32060,속초시,강원특별자치도,32590,인제군,강원특별자치도,border_touch,True,25.44
32070,삼척시,강원특별자치도,32050,태백시,강원특별자치도,border_touch,True,17.189
32070,삼척시,강원특별자치도,32040,동해시,강원특별자치도,border_touch,True,26.132
32070,삼척시,강원특별자치도,32550,정선군,강원특별자치도,border_touch,True,35.772
32070,삼척시,강원특별자치도,37610,봉화군,경상북도,border_touch,True,42.395
32070,삼척시,강원특별자치도,37620,울진군,경상북도,border_touch,True,44.77
32510,홍천군,강원특별자치도,32520,횡성군,강원특별자치도,border_touch,True,26.194
32510,홍천군,강원특별자치도,32010,춘천시,강원특별자치도,border_touch,True,33.528
32510,홍천군,강원특별자치도,32590,인제군,강원특별자치도,border_touch,True,39.582
32510,홍천군,강원특별자치도,32540,평창군,강원특별자치도,border_touch,True,41.637
32510,홍천군,강원특별자치도,31580,양평군,경기도,border_touch,True,50.417
32510,홍천군,강원특별자치도,32610,양양군,강원특별자치도,border_touch,True,54.134
32510,홍천군,강원특별자치도,31570,가평군,경기도,border_touch,True,55.554
32510,홍천군,강원특별자치도,32030,강릉시,강원특별자치도,border_touch,True,66.954
32520,횡성군,강원특별자치도,32020,원주시,강원특별자치도,border_touch,True,25.82
32520,횡성군,강원특별자치도,32510,홍천군,강원특별자치도,border_touch,True,26.194
32520,횡성군,강원특별자치도,32540,평창군,강원특별자치도,border_touch,True,36.217
32520,횡성군,강원특별자치도,31580,양평군,경기도,border_touch,True,44.01
32520,횡성군,강원특별자치도,32530,영월군,강원특별자치도,border_touch,True,50.511
32530,영월군,강원특별자치도,33580,단양군,충청북도,border_touch,True,25.317
32530,영월군,강원특별자치도,32550,정선군,강원특별자치도,border_touch,True,28.679
32530,영월군,강원특별자치도,33030,제천시,충청북도,border_touch,True,35.723
32530,영월군,강원특별자치도,37060,영주시,경상북도,border_touch,True,37.999
32530,영월군,강원특별자치도,32540,평창군,강원특별자치도,border_touch,True,39.179
32530,영월군,강원특별자치도,32050,태백시,강원특별자치도,border_touch,True,42.707
32530,영월군,강원특별자치도,37610,봉화군,경상북도,border_touch,True,47.334
32530,영월군,강원특별자치도,32520,횡성군,강원특별자치도,border_touch,True,50.511
32530,영월군,강원특별자치도,32020,원주시,강원특별자치도,border_touch,True,51.947
32540,평창군,강원특별자치도,32550,정선군,강원특별자치도,border_touch,True,30.087
32540,평창군,강원특별자치도,32030,강릉시,강원특별자치도,border_touch,True,35.214
32540,평창군,강원특별자치도,32520,횡성군,강원특별자치도,border_touch,True,36.217
32540,평창군,강원특별자치도,32530,영월군,강원특별자치도,border_touch,True,39.179
32540,평창군,강원특별자치도,32510,홍천군,강원특별자치도,border_touch,True,41.637
32550,정선군,강원특별자치도,32530,영월군,강원특별자치도,border_touch,True,28.679
32550,정선군,강원특별자치도,32540,평창군,강원특별자치도,border_touch,True,30.087
32550,정선군,강원특별자치도,32050,태백시,강원특별자치도,border_touch,True,31.321
32550,정선군,강원특별자치도,32040,동해시,강원특별자치도,border_touch,True,31.433
32550,정선군,강원특별자치도,32070,삼척시,강원특별자치도,border_touch,True,35.772
32550,정선군,강원특별자치도,32030,강릉시,강원특별자치도,border_touch,True,37.595
32560,철원군,강원특별자치도,32570,화천군,강원특별자치도,border_touch,True,26.515
32560,철원군,강원특별자치도,31270,포천시,경기도,border_touch,True,33.606
32560,철원군,강원특별자치도,31550,연천군,경기도,border_touch,True,37.819
32560,철원군,강원특별자치도,32580,양구군,강원특별자치도,border_touch,True,51.974
32570,화천군,강원특별자치도,32560,철원군,강원특별자치도,border_touch,True,26.515
32570,화천군,강원특별자치도,32010,춘천시,강원특별자치도,border_touch,True,28.001
32570,화천군,강원특별자치도,32580,양구군,강원특별자치도,border_touch,True,28.038
32570,화천군,강원특별자치도,31570,가평군,경기도,border_touch,True,41.065
32570,화천군,강원특별자치도,31270,포천시,경기도,border_touch,True,42.491
32580,양구군,강원특별자치도,32590,인제군,강원특별자치도,border_touch,True,25.974
32580,양구군,강원특별자치도,32570,화천군,강원특별자치도,border_touch,True,28.038
32580,양구군,강원특별자치도,32010,춘천시,강원특별자치도,border_touch,True,39.358
32580,양구군,강원특별자치도,32560,철원군,강원특별자치도,border_touch,True,51.974
32590,인제군,강원특별자치도,32060,속초시,강원특별자치도,border_touch,True,25.44
32590,인제군,강원특별자치도,32580,양구군,강원특별자치도,border_touch,True,25.974
32590,인제군,강원특별자치도,32610,양양군,강원특별자치도,border_touch,True,30.004
32590,인제군,강원특별자치도,32600,고성군,강원특별자치도,border_touch,True,36.26
32590,인제군,강원특별자치도,32510,홍천군,강원특별자치도,border_touch,True,39.582
32590,인제군,강원특별자치도,32010,춘천시,강원특별자치도,border_touch,True,50.079
32600,고성군,강원특별자치도,32060,속초시,강원특별자치도,border_touch,True,24.659
32600,고성군,강원특별자치도,32590,인제군,강원특별자치도,border_touch,True,36.26
32610,양양군,강원특별자치도,32060,속초시,강원특별자치도,border_touch,True,20.155
32610,양양군,강원특별자치도,32590,인제군,강원특별자치도,border_touch,True,30.004
32610,양양군,강원특별자치도,32030,강릉시,강원특별자치도,border_touch,True,38.858
32610,양양군,강원특별자치도,32510,홍천군,강원특별자치도,border_touch,True,54.134
33020,충주시,충청북도,33030,제천시,충청북도,border_touch,True,22.372
33020,충주시,충청북도,33570,음성군,충청북도,border_touch,True,25.415
33020,충주시,충청북도,33560,괴산군,충청북도,border_touch,True,27.864
33020,충주시,충청북도,32020,원주시,강원특별자치도,border_touch,True,32.646
33020,충주시,충청북도,31280,여주시,경기도,border_touch,True,40.415
33020,충주시,충청북도,37090,문경시,경상북도,border_touch,True,42.469
33030,제천시,충청북도,33020,충주시,충청북도,border_touch,True,22.372
33030,제천시,충청북도,33580,단양군,충청북도,border_touch,True,23.13
33030,제천시,충청북도,32020,원주시,강원특별자치도,border_touch,True,33.333
33030,제천시,충청북도,32530,영월군,강원특별자치도,border_touch,True,35.723
33030,제천시,충청북도,37090,문경시,경상북도,border_touch,True,40.954
33041,청주시 상당구,충청북도,33042,청주시 서원구,충청북도,border_touch,True,13.997
33041,청주시 상당구,충청북도,33044,청주시 청원구,충청북도,border_touch,True,16.523
33041,청주시 상당구,충청북도,33520,보은군,충청북도,border_touch,True,17.193
33041,청주시 상당구,충청북도,33590,증평군,충청북도,border_touch,True,21.631
33041,청주시 상당구,충청북도,25050,대덕구,대전광역시,border_touch,True,23.792
33041,청주시 상당구,충청북도,33560,괴산군,충청북도,border_touch,True,29.427
33041,청주시 상당구,충청북도,25010,동구,대전광역시,border_touch,True,31.336
33042,청주시 서원구,충청북도,33043,청주시 흥덕구,충청북도,border_touch,True,12.65
33042,청주시 서원구,충청북도,33041,청주시 상당구,충청북도,border_touch,True,13.997
33042,청주시 서원구,충청북도,25050,대덕구,대전광역시,border_touch,True,15.009
33042,청주시 서원구,충청북도,29010,세종시,세종특별자치시,border_touch,True,16.152
33042,청주시 서원구,충청북도,33044,청주시 청원구,충청북도,border_touch,True,19.764
33042,청주시 서원구,충청북도,25040,유성구,대전광역시,border_touch,True,21.165
33043,청주시 흥덕구,충청북도,33042,청주시 서원구,충청북도,border_touch,True,12.65
33043,청주시 흥덕구,충청북도,33044,청주시 청원구,충청북도,border_touch,True,13.626
33043,청주시 흥덕구,충청북도,29010,세종시,세종특별자치시,border_touch,True,13.757
33043,청주시 흥덕구,충청북도,34011,천안시 동남구,충청남도,border_touch,True,18.557
33044,청주시 청원구,충청북도,33590,증평군,충청북도,border_touch,True,12.478
33044,청주시 청원구,충청북도,33043,청주시 흥덕구,충청북도,border_touch,True,13.626
33044,청주시 청원구,충청북도,33041,청주시 상당구,충청북도,border_touch,True,16.523
33044,청주시 청원구,충청북도,33550,진천군,충청북도,border_touch,True,17.291
33044,청주시 청원구,충청북도,33042,청주시 서원구,충청북도,border_touch,True,19.764
33044,청주시 청원구,충청북도,34011,천안시 동남구,충청남도,border_touch,True,24.62
33520,보은군,충청북도,33041,청주시 상당구,충청북도,border_touch,True,17.193
33520,보은군,충청북도,33530,옥천군,충청북도,border_touch,True,19.901
33520,보은군,충청북도,25010,동구,대전광역시,border_touch,True,29.31
33520,보은군,충청북도,37080,상주시,경상북도,border_touch,True,30.987
33520,보은군,충청북도,33560,괴산군,충청북도,border_touch,True,32.299
33530,옥천군,충청북도,25010,동구,대전광역시,border_touch,True,16.298
33530,옥천군,충청북도,33520,보은군,충청북도,border_touch,True,19.901
33530,옥천군,충청북도,33540,영동군,충청북도,border_touch,True,22.778
33530,옥천군,충청북도,34510,금산군,충청남도,border_touch,True,27.495
33530,옥천군,충청북도,37080,상주시,경상북도,border_touch,True,38.752
33540,영동군,충청북도,33530,옥천군,충청북도,border_touch,True,22.778
33540,영동군,충청북도,35530,무주군,전북특별자치도,border_touch,True,26.081
33540,영동군,충청북도,37030,김천시,경상북도,border_touch,True,26.144
33540,영동군,충청북도,34510,금산군,충청남도,border_touch,True,30.557
33540,영동군,충청북도,37080,상주시,경상북도,border_touch,True,37.566
33550,진천군,충청북도,33044,청주시 청원구,충청북도,border_touch,True,17.291
33550,진천군,충청북도,33590,증평군,충청북도,border_touch,True,17.384
33550,진천군,충청북도,33570,음성군,충청북도,border_touch,True,19.383
33550,진천군,충청북도,31220,안성시,경기도,border_touch,True,21.943
33550,진천군,충청북도,34011,천안시 동남구,충청남도,border_touch,True,22.892
33550,진천군,충청북도,34012,천안시 서북구,충청남도,border_touch,True,24.949
33560,괴산군,충청북도,33590,증평군,충청북도,border_touch,True,20.16
33560,괴산군,충청북도,33020,충주시,충청북도,border_touch,True,27.864
33560,괴산군,충청북도,33041,청주시 상당구,충청북도,border_touch,True,29.427
33560,괴산군,충청북도,37090,문경시,경상북도,border_touch,True,29.801
33560,괴산군,충청북도,33570,음성군,충청북도,border_touch,True,29.889
33560,괴산군,충청북도,33520,보은군,충청북도,border_touch,True,32.299
33560,괴산군,충청북도,37080,상주시,경상북도,border_touch,True,43.297
33570,음성군,충청북도,33550,진천군,충청북도,border_touch,True,19.383
33570,음성군,충청북도,33590,증평군,충청북도,border_touch,True,21.067
33570,음성군,충청북도,33020,충주시,충청북도,border_touch,True,25.415
33570,음성군,충청북도,31220,안성시,경기도,border_touch,True,28.47
33570,음성군,충청북도,31210,이천시,경기도,border_touch,True,28.485
33570,음성군,충청북도,33560,괴산군,충청북도,border_touch,True,29.889
33570,음성군,충청북도,31280,여주시,경기도,border_touch,True,36.192
33580,단양군,충청북도,33030,제천시,충청북도,border_touch,True,23.13
33580,단양군,충청북도,37060,영주시,경상북도,border_touch,True,23.204
33580,단양군,충청북도,32530,영월군,강원특별자치도,border_touch,True,25.317
33580,단양군,충청북도,37600,예천군,경상북도,border_touch,True,37.912
33580,단양군,충청북도,37090,문경시,경상북도,border_touch,True,39.873
33590,증평군,충청북도,33044,청주시 청원구,충청북도,border_touch,True,12.478
33590,증평군,충청북도,33550,진천군,충청북도,border_touch,True,17.384
33590,증평군,충청북도,33560,괴산군,충청북도,border_touch,True,20.16
33590,증평군,충청북도,33570,음성군,충청북도,border_touch,True,21.067
33590,증평군,충청북도,33041,청주시 상당구,충청북도,border_touch,True,21.631
34011,천안시 동남구,충청남도,34012,천안시 서북구,충청남도,border_touch,True,15.206
34011,천안시 동남구,충청남도,33043,청주시 흥덕구,충청북도,border_touch,True,18.557
34011,천안시 동남구,충청남도,34040,아산시,충청남도,border_touch,True,22.019
34011,천안시 동남구,충청남도,29010,세종시,세종특별자치시,border_touch,True,22.821
34011,천안시 동남구,충청남도,33550,진천군,충청북도,border_touch,True,22.892
34011,천안시 동남구,충청남도,33044,청주시 청원구,충청북도,border_touch,True,24.62
34011,천안시 동남구,충청남도,34020,공주시,충청남도,border_touch,True,34.12
34012,천안시 서북구,충청남도,34011,천안시 동남구,충청남도,border_touch,True,15.206
34012,천안시 서북구,충청남도,34040,아산시,충청남도,border_touch,True,18.767
34012,천안시 서북구,충청남도,31220,안성시,경기도,border_touch,True,20.166
34012,천안시 서북구,충청남도,31070,평택시,경기도,border_touch,True,20.262
34012,천안시 서북구,충청남도,33550,진천군,충청북도,border_touch,True,24.949
34020,공주시,충청남도,29010,세종시,세종특별자치시,border_touch,True,18.722
34020,공주시,충청남도,34550,청양군,충청남도,border_touch,True,20.638
34020,공주시,충청남도,34070,계룡시,충청남도,border_touch,True,25.295
34020,공주시,충청남도,25040,유성구,대전광역시,border_touch,True,25.799
34020,공주시,충청남도,34530,부여군,충청남도,border_touch,True,32.463
34020,공주시,충청남도,34060,논산시,충청남도,border_touch,True,32.893
34020,공주시,충청남도,34570,예산군,충청남도,border_touch,True,33.547
34020,공주시,충청남도,34011,천안시 동남구,충청남도,border_touch,True,34.12
34020,공주시,충청남도,34040,아산시,충청남도,border_touch,True,37.315
34030,보령시,충청남도,34550,청양군,충청남도,border_touch,True,25.617
34030,보령시,충청남도,34560,홍성군,충청남도,border_touch,True,25.741
34030,보령시,충청남도,34530,부여군,충청남도,border_touch,True,26.074
34030,보령시,충청남도,34540,서천군,충청남도,border_touch,True,27.772
34040,아산시,충청남도,34012,천안시 서북구,충청남도,border_touch,True,18.767
34040,아산시,충청남도,34011,천안시 동남구,충청남도,border_touch,True,22.019
34040,아산시,충청남도,31070,평택시,경기도,border_touch,True,23.098
34040,아산시,충청남도,34570,예산군,충청남도,border_touch,True,23.139
34040,아산시,충청남도,34080,당진시,충청남도,border_touch,True,31.147
34040,아산시,충청남도,34020,공주시,충청남도,border_touch,True,37.315
34050,서산시,충청남도,34580,태안군,충청남도,border_touch,True,18.525
34050,서산시,충청남도,34080,당진시,충청남도,border_touch,True,21.457
34050,서산시,충청남도,34560,홍성군,충청남도,border_touch,True,27.915
34050,서산시,충청남도,34570,예산군,충청남도,border_touch,True,31.362
34060,논산시,충청남도,34070,계룡시,충청남도,border_touch,True,13.126
34060,논산시,충청남도,25030,서구,대전광역시,border_touch,True,19.546
34060,논산시,충청남도,35030,익산시,전북특별자치도,border_touch,True,23.991
34060,논산시,충청남도,34530,부여군,충청남도,border_touch,True,27.723
34060,논산시,충청남도,34510,금산군,충청남도,border_touch,True,29.92
34060,논산시,충청남도,35510,완주군,전북특별자치도,border_touch,True,30.642
34060,논산시,충청남도,34020,공주시,충청남도,border_touch,True,32.893
34070,계룡시,충청남도,25030,서구,대전광역시,border_touch,True,10.022
34070,계룡시,충청남도,25040,유성구,대전광역시,border_touch,True,12.957
34070,계룡시,충청남도,34060,논산시,충청남도,border_touch,True,13.126
34070,계룡시,충청남도,34020,공주시,충청남도,border_touch,True,25.295
34080,당진시,충청남도,34050,서산시,충청남도,border_touch,True,21.457
34080,당진시,충청남도,34570,예산군,충청남도,border_touch,True,28.496
34080,당진시,충청남도,34040,아산시,충청남도,border_touch,True,31.147
34080,당진시,충청남도,31070,평택시,경기도,border_touch,True,32.742
34510,금산군,충청남도,25020,중구,대전광역시,border_touch,True,18.936
34510,금산군,충청남도,25030,서구,대전광역시,border_touch,True,21.526
34510,금산군,충청남도,25010,동구,대전광역시,border_touch,True,22.73
34510,금산군,충청남도,33530,옥천군,충청북도,border_touch,True,27.495
34510,금산군,충청남도,35530,무주군,전북특별자치도,border_touch,True,29.049
34510,금산군,충청남도,34060,논산시,충청남도,border_touch,True,29.92
34510,금산군,충청남도,33540,영동군,충청북도,border_touch,True,30.557
34510,금산군,충청남도,35520,진안군,전북특별자치도,border_touch,True,32.481
34510,금산군,충청남도,35510,완주군,전북특별자치도,border_touch,True,32.505
34530,부여군,충청남도,34550,청양군,충청남도,border_touch,True,20.435
34530,부여군,충청남도,34540,서천군,충청남도,border_touch,True,20.741
34530,부여군,충청남도,34030,보령시,충청남도,border_touch,True,26.074
34530,부여군,충청남도,35030,익산시,전북특별자치도,border_touch,True,27.488
34530,부여군,충청남도,34060,논산시,충청남도,border_touch,True,27.723
34530,부여군,충청남도,34020,공주시,충청남도,border_touch,True,32.463
34540,서천군,충청남도,35020,군산시,전북특별자치도,border_touch,True,17.529
34540,서천군,충청남도,34530,부여군,충청남도,border_touch,True,20.741
34540,서천군,충청남도,35030,익산시,전북특별자치도,border_touch,True,27.373
34540,서천군,충청남도,34030,보령시,충청남도,border_touch,True,27.772
34550,청양군,충청남도,34530,부여군,충청남도,border_touch,True,20.435
34550,청양군,충청남도,34020,공주시,충청남도,border_touch,True,20.638
34550,청양군,충청남도,34560,홍성군,충청남도,border_touch,True,25.577
34550,청양군,충청남도,34030,보령시,충청남도,border_touch,True,25.617
34550,청양군,충청남도,34570,예산군,충청남도,border_touch,True,27.33
34560,홍성군,충청남도,34570,예산군,충청남도,border_touch,True,18.043
34560,홍성군,충청남도,34550,청양군,충청남도,border_touch,True,25.577
34560,홍성군,충청남도,34030,보령시,충청남도,border_touch,True,25.741
34560,홍성군,충청남도,34050,서산시,충청남도,border_touch,True,27.915
34570,예산군,충청남도,34560,홍성군,충청남도,border_touch,True,18.043
34570,예산군,충청남도,34040,아산시,충청남도,border_touch,True,23.139
34570,예산군,충청남도,34550,청양군,충청남도,border_touch,True,27.33
34570,예산군,충청남도,34080,당진시,충청남도,border_touch,True,28.496
34570,예산군,충청남도,34050,서산시,충청남도,border_touch,True,31.362
34570,예산군,충청남도,34020,공주시,충청남도,border_touch,True,33.547
34580,태안군,충청남도,34050,서산시,충청남도,border_touch,True,18.525
35011,전주시 완산구,전북특별자치도,35012,전주시 덕진구,전북특별자치도,border_touch,True,7.484
35011,전주시 완산구,전북특별자치도,35510,완주군,전북특별자치도,border_touch,True,16.493
35011,전주시 완산구,전북특별자치도,35060,김제시,전북특별자치도,border_touch,True,20.503
35012,전주시 덕진구,전북특별자치도,35011,전주시 완산구,전북특별자치도,border_touch,True,7.484
35012,전주시 덕진구,전북특별자치도,35510,완주군,전북특별자치도,border_touch,True,11.476
35012,전주시 덕진구,전북특별자치도,35060,김제시,전북특별자치도,border_touch,True,20.428
35012,전주시 덕진구,전북특별자치도,35030,익산시,전북특별자치도,border_touch,True,21.345
35020,군산시,전북특별자치도,34540,서천군,충청남도,border_touch,True,17.529
35020,군산시,전북특별자치도,35060,김제시,전북특별자치도,border_touch,True,22.552
35020,군산시,전북특별자치도,35030,익산시,전북특별자치도,border_touch,True,25.962
35030,익산시,전북특별자치도,35012,전주시 덕진구,전북특별자치도,border_touch,True,21.345
35030,익산시,전북특별자치도,35510,완주군,전북특별자치도,border_touch,True,23.412
35030,익산시,전북특별자치도,34060,논산시,충청남도,border_touch,True,23.991
35030,익산시,전북특별자치도,35060,김제시,전북특별자치도,border_touch,True,25.483
35030,익산시,전북특별자치도,35020,군산시,전북특별자치도,border_touch,True,25.962
35030,익산시,전북특별자치도,34540,서천군,충청남도,border_touch,True,27.373
35030,익산시,전북특별자치도,34530,부여군,충청남도,border_touch,True,27.488
35040,정읍시,전북특별자치도,35060,김제시,전북특별자치도,border_touch,True,22.657
35040,정읍시,전북특별자치도,35560,순창군,전북특별자치도,border_touch,True,25.107
35040,정읍시,전북특별자치도,35580,부안군,전북특별자치도,border_touch,True,25.765
35040,정읍시,전북특별자치도,35550,임실군,전북특별자치도,border_touch,True,29.967
35040,정읍시,전북특별자치도,35570,고창군,전북특별자치도,border_touch,True,31.342
35040,정읍시,전북특별자치도,36650,장성군,전라남도,border_touch,True,32.747
35040,정읍시,전북특별자치도,35510,완주군,전북특별자치도,border_touch,True,44.829
35050,남원시,전북특별자치도,36530,구례군,전라남도,border_touch,True,21.342
35050,남원시,전북특별자치도,35550,임실군,전북특별자치도,border_touch,True,26.943
35050,남원시,전북특별자치도,35540,장수군,전북특별자치도,border_touch,True,27.656
35050,남원시,전북특별자치도,36520,곡성군,전라남도,border_touch,True,28.005
35050,남원시,전북특별자치도,38580,함양군,경상남도,border_touch,True,29.166
35050,남원시,전북특별자치도,35560,순창군,전북특별자치도,border_touch,True,31.959
35050,남원시,전북특별자치도,38560,하동군,경상남도,border_touch,True,44.068
35060,김제시,전북특별자치도,35012,전주시 덕진구,전북특별자치도,border_touch,True,20.428
35060,김제시,전북특별자치도,35011,전주시 완산구,전북특별자치도,border_touch,True,20.503
35060,김제시,전북특별자치도,35020,군산시,전북특별자치도,border_touch,True,22.552
35060,김제시,전북특별자치도,35040,정읍시,전북특별자치도,border_touch,True,22.657
35060,김제시,전북특별자치도,35030,익산시,전북특별자치도,border_touch,True,25.483
35060,김제시,전북특별자치도,35580,부안군,전북특별자치도,border_touch,True,26.71
35060,김제시,전북특별자치도,35510,완주군,전북특별자치도,border_touch,True,31.482
35510,완주군,전북특별자치도,35012,전주시 덕진구,전북특별자치도,border_touch,True,11.476
35510,완주군,전북특별자치도,35011,전주시 완산구,전북특별자치도,border_touch,True,16.493
35510,완주군,전북특별자치도,35520,진안군,전북특별자치도,border_touch,True,21.808
35510,완주군,전북특별자치도,35030,익산시,전북특별자치도,border_touch,True,23.412
35510,완주군,전북특별자치도,34060,논산시,충청남도,border_touch,True,30.642
35510,완주군,전북특별자치도,35060,김제시,전북특별자치도,border_touch,True,31.482
35510,완주군,전북특별자치도,34510,금산군,충청남도,border_touch,True,32.505
35510,완주군,전북특별자치도,35550,임실군,전북특별자치도,border_touch,True,35.587
35510,완주군,전북특별자치도,35040,정읍시,전북특별자치도,border_touch,True,44.829
35520,진안군,전북특별자치도,35540,장수군,전북특별자치도,border_touch,True,21.628
35520,진안군,전북특별자치도,35510,완주군,전북특별자치도,border_touch,True,21.808
35520,진안군,전북특별자치도,35530,무주군,전북특별자치도,border_touch,True,28.328
35520,진안군,전북특별자치도,35550,임실군,전북특별자치도,border_touch,True,30.985
35520,진안군,전북특별자치도,34510,금산군,충청남도,border_touch,True,32.481
35530,무주군,전북특별자치도,33540,영동군,충청북도,border_touch,True,26.081
35530,무주군,전북특별자치도,35520,진안군,전북특별자치도,border_touch,True,28.328
35530,무주군,전북특별자치도,38590,거창군,경상남도,border_touch,True,28.713
35530,무주군,전북특별자치도,34510,금산군,충청남도,border_touch,True,29.049
35530,무주군,전북특별자치도,35540,장수군,전북특별자치도,border_touch,True,34.785
35530,무주군,전북특별자치도,37030,김천시,경상북도,border_touch,True,35.511
35540,장수군,전북특별자치도,38580,함양군,경상남도,border_touch,True,19.929
35540,장수군,전북특별자치도,35520,진안군,전북특별자치도,border_touch,True,21.628
35540,장수군,전북특별자치도,35050,남원시,전북특별자치도,border_touch,True,27.656
35540,장수군,전북특별자치도,35550,임실군,전북특별자치도,border_touch,True,28.619
35540,장수군,전북특별자치도,38590,거창군,경상남도,border_touch,True,33.611
35540,장수군,전북특별자치도,35530,무주군,전북특별자치도,border_touch,True,34.785
35550,임실군,전북특별자치도,35560,순창군,전북특별자치도,border_touch,True,22.578
35550,임실군,전북특별자치도,35050,남원시,전북특별자치도,border_touch,True,26.943
35550,임실군,전북특별자치도,35540,장수군,전북특별자치도,border_touch,True,28.619
35550,임실군,전북특별자치도,35040,정읍시,전북특별자치도,border_touch,True,29.967
35550,임실군,전북특별자치도,35520,진안군,전북특별자치도,border_touch,True,30.985
35550,임실군,전북특별자치도,35510,완주군,전북특별자치도,border_touch,True,35.587
35560,순창군,전북특별자치도,36510,담양군,전라남도,border_touch,True,17.963
35560,순창군,전북특별자치도,35550,임실군,전북특별자치도,border_touch,True,22.578
35560,순창군,전북특별자치도,35040,정읍시,전북특별자치도,border_touch,True,25.107
35560,순창군,전북특별자치도,36520,곡성군,전라남도,border_touch,True,28.774
35560,순창군,전북특별자치도,36650,장성군,전라남도,border_touch,True,31.402
35560,순창군,전북특별자치도,35050,남원시,전북특별자치도,border_touch,True,31.959
35570,고창군,전북특별자치도,36650,장성군,전라남도,border_touch,True,19.183
35570,고창군,전북특별자치도,36640,영광군,전라남도,border_touch,True,24.109
35570,고창군,전북특별자치도,35580,부안군,전북특별자치도,border_touch,True,26.269
35570,고창군,전북특별자치도,35040,정읍시,전북특별자치도,border_touch,True,31.342
35580,부안군,전북특별자치도,35040,정읍시,전북특별자치도,border_touch,True,25.765
35580,부안군,전북특별자치도,35570,고창군,전북특별자치도,border_touch,True,26.269
35580,부안군,전북특별자치도,35060,김제시,전북특별자치도,border_touch,True,26.71
36010,목포시,전라남도,36620,무안군,전라남도,border_touch,True,17.091
36010,목포시,전라남도,36610,영암군,전라남도,border_touch,True,21.367
36020,여수시,전라남도,36060,광양시,전라남도,border_touch,True,35.664
36020,여수시,전라남도,36030,순천시,전라남도,border_touch,True,40.778
36030,순천시,전라남도,36060,광양시,전라남도,border_touch,True,24.477
36030,순천시,전라남도,36520,곡성군,전라남도,border_touch,True,27.17
36030,순천시,전라남도,36530,구례군,전라남도,border_touch,True,28.793
36030,순천시,전라남도,36560,보성군,전라남도,border_touch,True,28.805
36030,순천시,전라남도,36570,화순군,전라남도,border_touch,True,32.521
36030,순천시,전라남도,36020,여수시,전라남도,border_touch,True,40.778
36040,나주시,전라남도,24030,남구,광주광역시,border_touch,True,17.075
36040,나주시,전라남도,24050,광산구,광주광역시,border_touch,True,19.791
36040,나주시,전라남도,36630,함평군,전라남도,border_touch,True,21.768
36040,나주시,전라남도,36610,영암군,전라남도,border_touch,True,23.118
36040,나주시,전라남도,36620,무안군,전라남도,border_touch,True,27.232
36040,나주시,전라남도,36570,화순군,전라남도,border_touch,True,28.648
36060,광양시,전라남도,38560,하동군,경상남도,border_touch,True,17.288
36060,광양시,전라남도,36030,순천시,전라남도,border_touch,True,24.477
36060,광양시,전라남도,36530,구례군,전라남도,border_touch,True,27.89
36060,광양시,전라남도,36020,여수시,전라남도,border_touch,True,35.664
36510,담양군,전라남도,24040,북구,광주광역시,border_touch,True,12.613
36510,담양군,전라남도,35560,순창군,전북특별자치도,border_touch,True,17.963
36510,담양군,전라남도,36650,장성군,전라남도,border_touch,True,21.041
36510,담양군,전라남도,36520,곡성군,전라남도,border_touch,True,25.781
36510,담양군,전라남도,36570,화순군,전라남도,border_touch,True,31.611
36520,곡성군,전라남도,36530,구례군,전라남도,border_touch,True,21.912
36520,곡성군,전라남도,36510,담양군,전라남도,border_touch,True,25.781
36520,곡성군,전라남도,36030,순천시,전라남도,border_touch,True,27.17
36520,곡성군,전라남도,35050,남원시,전북특별자치도,border_touch,True,28.005
36520,곡성군,전라남도,35560,순창군,전북특별자치도,border_touch,True,28.774
36520,곡성군,전라남도,36570,화순군,전라남도,border_touch,True,31.211
36530,구례군,전라남도,35050,남원시,전북특별자치도,border_touch,True,21.342
36530,구례군,전라남도,36520,곡성군,전라남도,border_touch,True,21.912
36530,구례군,전라남도,38560,하동군,경상남도,border_touch,True,27.458
36530,구례군,전라남도,36060,광양시,전라남도,border_touch,True,27.89
36530,구례군,전라남도,36030,순천시,전라남도,border_touch,True,28.793
36550,고흥군,전라남도,36560,보성군,전라남도,border_touch,True,27.725
36560,보성군,전라남도,36570,화순군,전라남도,border_touch,True,24.53
36560,보성군,전라남도,36580,장흥군,전라남도,border_touch,True,26.884
36560,보성군,전라남도,36550,고흥군,전라남도,border_touch,True,27.725
36560,보성군,전라남도,36030,순천시,전라남도,border_touch,True,28.805
36570,화순군,전라남도,24010,동구,광주광역시,border_touch,True,14.329
36570,화순군,전라남도,24030,남구,광주광역시,border_touch,True,18.717
36570,화순군,전라남도,24040,북구,광주광역시,border_touch,True,22.759
36570,화순군,전라남도,36560,보성군,전라남도,border_touch,True,24.53
36570,화순군,전라남도,36040,나주시,전라남도,border_touch,True,28.648
36570,화순군,전라남도,36520,곡성군,전라남도,border_touch,True,31.211
36570,화순군,전라남도,36510,담양군,전라남도,border_touch,True,31.611
36570,화순군,전라남도,36030,순천시,전라남도,border_touch,True,32.521
36570,화순군,전라남도,36580,장흥군,전라남도,border_touch,True,38.328
36570,화순군,전라남도,36610,영암군,전라남도,border_touch,True,44.228
36580,장흥군,전라남도,36590,강진군,전라남도,border_touch,True,15.021
36580,장흥군,전라남도,36560,보성군,전라남도,border_touch,True,26.884
36580,장흥군,전라남도,36610,영암군,전라남도,border_touch,True,30.445
36580,장흥군,전라남도,36570,화순군,전라남도,border_touch,True,38.328
36590,강진군,전라남도,36580,장흥군,전라남도,border_touch,True,15.021
36590,강진군,전라남도,36610,영암군,전라남도,border_touch,True,23.788
36590,강진군,전라남도,36600,해남군,전라남도,border_touch,True,24.873
36600,해남군,전라남도,36590,강진군,전라남도,border_touch,True,24.873
36600,해남군,전라남도,36610,영암군,전라남도,border_touch,True,28.285
36610,영암군,전라남도,36010,목포시,전라남도,border_touch,True,21.367
36610,영암군,전라남도,36040,나주시,전라남도,border_touch,True,23.118
36610,영암군,전라남도,36590,강진군,전라남도,border_touch,True,23.788
36610,영암군,전라남도,36620,무안군,전라남도,border_touch,True,25.21
36610,영암군,전라남도,36600,해남군,전라남도,border_touch,True,28.285
36610,영암군,전라남도,36580,장흥군,전라남도,border_touch,True,30.445
36610,영암군,전라남도,36570,화순군,전라남도,border_touch,True,44.228
36620,무안군,전라남도,36010,목포시,전라남도,border_touch,True,17.091
36620,무안군,전라남도,36630,함평군,전라남도,border_touch,True,20.283
36620,무안군,전라남도,36610,영암군,전라남도,border_touch,True,25.21
36620,무안군,전라남도,36040,나주시,전라남도,border_touch,True,27.232
36620,무안군,전라남도,36680,신안군,전라남도,border_touch,True,38.433
36630,함평군,전라남도,36640,영광군,전라남도,border_touch,True,19.996
36630,함평군,전라남도,36620,무안군,전라남도,border_touch,True,20.283
36630,함평군,전라남도,24050,광산구,광주광역시,border_touch,True,20.641
36630,함평군,전라남도,36040,나주시,전라남도,border_touch,True,21.768
36630,함평군,전라남도,36650,장성군,전라남도,border_touch,True,32.074
36640,영광군,전라남도,36630,함평군,전라남도,border_touch,True,19.996
36640,영광군,전라남도,35570,고창군,전북특별자치도,border_touch,True,24.109
36640,영광군,전라남도,36650,장성군,전라남도,border_touch,True,29.46
36650,장성군,전라남도,24050,광산구,광주광역시,border_touch,True,18.304
36650,장성군,전라남도,35570,고창군,전북특별자치도,border_touch,True,19.183
36650,장성군,전라남도,24040,북구,광주광역시,border_touch,True,20.794
36650,장성군,전라남도,36510,담양군,전라남도,border_touch,True,21.041
36650,장성군,전라남도,36640,영광군,전라남도,border_touch,True,29.46
36650,장성군,전라남도,35560,순창군,전북특별자치도,border_touch,True,31.402
36650,장성군,전라남도,36630,함평군,전라남도,border_touch,True,32.074
36650,장성군,전라남도,35040,정읍시,전북특별자치도,border_touch,True,32.747
36680,신안군,전라남도,36620,무안군,전라남도,border_touch,True,38.433
37011,포항시 남구,경상북도,37020,경주시,경상북도,border_touch,True,23.368
37011,포항시 남구,경상북도,37012,포항시 북구,경상북도,border_touch,True,29.339
37012,포항시 북구,경상북도,37530,청송군,경상북도,border_touch,True,26.59
37012,포항시 북구,경상북도,37011,포항시 남구,경상북도,border_touch,True,29.339
37012,포항시 북구,경상북도,37070,영천시,경상북도,border_touch,True,31.065
37012,포항시 북구,경상북도,37550,영덕군,경상북도,border_touch,True,35.996
37012,포항시 북구,경상북도,37020,경주시,경상북도,border_touch,True,37.552
37020,경주시,경상북도,37011,포항시 남구,경상북도,border_touch,True,23.368
37020,경주시,경상북도,26040,북구,울산광역시,border_touch,True,27.32
37020,경주시,경상북도,26510,울주군,울산광역시,border_touch,True,31.435
37020,경주시,경상북도,37070,영천시,경상북도,border_touch,True,33.801
37020,경주시,경상북도,37012,포항시 북구,경상북도,border_touch,True,37.552
37020,경주시,경상북도,37560,청도군,경상북도,border_touch,True,44.087
37030,김천시,경상북도,37580,성주군,경상북도,border_touch,True,22.039
37030,김천시,경상북도,33540,영동군,충청북도,border_touch,True,26.144
37030,김천시,경상북도,37050,구미시,경상북도,border_touch,True,29.841
37030,김천시,경상북도,37590,칠곡군,경상북도,border_touch,True,35.027
37030,김천시,경상북도,35530,무주군,전북특별자치도,border_touch,True,35.511
37030,김천시,경상북도,38590,거창군,경상남도,border_touch,True,39.595
37030,김천시,경상북도,37080,상주시,경상북도,border_touch,True,40.954
37040,안동시,경상북도,37520,의성군,경상북도,border_touch,True,28.362
37040,안동시,경상북도,37600,예천군,경상북도,border_touch,True,33.012
37040,안동시,경상북도,37540,영양군,경상북도,border_touch,True,35.088
37040,안동시,경상북도,37530,청송군,경상북도,border_touch,True,35.088
37040,안동시,경상북도,37060,영주시,경상북도,border_touch,True,36.085
37040,안동시,경상북도,37610,봉화군,경상북도,border_touch,True,41.02
37050,구미시,경상북도,37590,칠곡군,경상북도,border_touch,True,23.353
37050,구미시,경상북도,22520,군위군,대구광역시,border_touch,True,26.639
37050,구미시,경상북도,37520,의성군,경상북도,border_touch,True,28.946
37050,구미시,경상북도,37030,김천시,경상북도,border_touch,True,29.841
37050,구미시,경상북도,37080,상주시,경상북도,border_touch,True,35.758
37060,영주시,경상북도,33580,단양군,충청북도,border_touch,True,23.204
37060,영주시,경상북도,37600,예천군,경상북도,border_touch,True,28.678
37060,영주시,경상북도,37610,봉화군,경상북도,border_touch,True,28.966
37060,영주시,경상북도,37040,안동시,경상북도,border_touch,True,36.085
37060,영주시,경상북도,32530,영월군,강원특별자치도,border_touch,True,37.999
37070,영천시,경상북도,37100,경산시,경상북도,border_touch,True,23.487
37070,영천시,경상북도,22020,동구,대구광역시,border_touch,True,24.869
37070,영천시,경상북도,37012,포항시 북구,경상북도,border_touch,True,31.065
37070,영천시,경상북도,22520,군위군,대구광역시,border_touch,True,31.555
37070,영천시,경상북도,37020,경주시,경상북도,border_touch,True,33.801
37070,영천시,경상북도,37530,청송군,경상북도,border_touch,True,39.235
37070,영천시,경상북도,37560,청도군,경상북도,border_touch,True,40.557
37080,상주시,경상북도,37090,문경시,경상북도,border_touch,True,29.887
37080,상주시,경상북도,33520,보은군,충청북도,border_touch,True,30.987
37080,상주시,경상북도,37050,구미시,경상북도,border_touch,True,35.758
37080,상주시,경상북도,33540,영동군,충청북도,border_touch,True,37.566
37080,상주시,경상북도,33530,옥천군,충청북도,border_touch,True,38.752
37080,상주시,경상북도,37600,예천군,경상북도,border_touch,True,40.388
37080,상주시,경상북도,37030,김천시,경상북도,border_touch,True,40.954
37080,상주시,경상북도,33560,괴산군,충청북도,border_touch,True,43.297
37080,상주시,경상북도,37520,의성군,경상북도,border_touch,True,49.721
37090,문경시,경상북도,37600,예천군,경상북도,border_touch,True,24.806
37090,문경시,경상북도,33560,괴산군,충청북도,border_touch,True,29.801
37090,문경시,경상북도,37080,상주시,경상북도,border_touch,True,29.887
37090,문경시,경상북도,33580,단양군,충청북도,border_touch,True,39.873
37090,문경시,경상북도,33030,제천시,충청북도,border_touch,True,40.954
37090,문경시,경상북도,33020,충주시,충청북도,border_touch,True,42.469
37100,경산시,경상북도,22060,수성구,대구광역시,border_touch,True,13.354
37100,경산시,경상북도,22020,동구,대구광역시,border_touch,True,15.755
37100,경산시,경상북도,37560,청도군,경상북도,border_touch,True,17.985
37100,경산시,경상북도,37070,영천시,경상북도,border_touch,True,23.487
37100,경산시,경상북도,22510,달성군,대구광역시,border_touch,True,29.275
37520,의성군,경상북도,22520,군위군,대구광역시,border_touch,True,21.499
37520,의성군,경상북도,37040,안동시,경상북도,border_touch,True,28.362
37520,의성군,경상북도,37050,구미시,경상북도,border_touch,True,28.946
37520,의성군,경상북도,37600,예천군,경상북도,border_touch,True,36.683
37520,의성군,경상북도,37530,청송군,경상북도,border_touch,True,39.694
37520,의성군,경상북도,37080,상주시,경상북도,border_touch,True,49.721
37530,청송군,경상북도,37012,포항시 북구,경상북도,border_touch,True,26.59
37530,청송군,경상북도,37550,영덕군,경상북도,border_touch,True,27.172
37530,청송군,경상북도,37040,안동시,경상북도,border_touch,True,35.088
37530,청송군,경상북도,37540,영양군,경상북도,border_touch,True,38.468
37530,청송군,경상북도,37070,영천시,경상북도,border_touch,True,39.235
37530,청송군,경상북도,37520,의성군,경상북도,border_touch,True,39.694
37530,청송군,경상북도,22520,군위군,대구광역시,border_touch,True,42.203
37540,영양군,경상북도,37620,울진군,경상북도,border_touch,True,27.458
37540,영양군,경상북도,37550,영덕군,경상북도,border_touch,True,28.329
37540,영양군,경상북도,37610,봉화군,경상북도,border_touch,True,33.536
37540,영양군,경상북도,37040,안동시,경상북도,border_touch,True,35.088
37540,영양군,경상북도,37530,청송군,경상북도,border_touch,True,38.468
37550,영덕군,경상북도,37530,청송군,경상북도,border_touch,True,27.172
37550,영덕군,경상북도,37540,영양군,경상북도,border_touch,True,28.329
37550,영덕군,경상북도,37012,포항시 북구,경상북도,border_touch,True,35.996
37550,영덕군,경상북도,37620,울진군,경상북도,border_touch,True,46.777
37560,청도군,경상북도,37100,경산시,경상북도,border_touch,True,17.985
37560,청도군,경상북도,38080,밀양시,경상남도,border_touch,True,19.356
37560,청도군,경상북도,22510,달성군,대구광역시,border_touch,True,27.788
37560,청도군,경상북도,38530,창녕군,경상남도,border_touch,True,32.265
37560,청도군,경상북도,26510,울주군,울산광역시,border_touch,True,38.987
37560,청도군,경상북도,37070,영천시,경상북도,border_touch,True,40.557
37560,청도군,경상북도,37020,경주시,경상북도,border_touch,True,44.087
37570,고령군,경상북도,22510,달성군,대구광역시,border_touch,True,17.498
37570,고령군,경상북도,37580,성주군,경상북도,border_touch,True,19.989
37570,고령군,경상북도,22070,달서구,대구광역시,border_touch,True,22.454
37570,고령군,경상북도,38600,합천군,경상남도,border_touch,True,23.259
37570,고령군,경상북도,38530,창녕군,경상남도,border_touch,True,30.479
37580,성주군,경상북도,37570,고령군,경상북도,border_touch,True,19.989
37580,성주군,경상북도,37030,김천시,경상북도,border_touch,True,22.039
37580,성주군,경상북도,37590,칠곡군,경상북도,border_touch,True,23.904
37580,성주군,경상북도,22510,달성군,대구광역시,border_touch,True,28.995
37580,성주군,경상북도,38590,거창군,경상남도,border_touch,True,35.494
37580,성주군,경상북도,38600,합천군,경상남도,border_touch,True,37.603
37590,칠곡군,경상북도,22050,북구,대구광역시,border_touch,True,14.129
37590,칠곡군,경상북도,22020,동구,대구광역시,border_touch,True,22.031
37590,칠곡군,경상북도,37050,구미시,경상북도,border_touch,True,23.353
37590,칠곡군,경상북도,37580,성주군,경상북도,border_touch,True,23.904
37590,칠곡군,경상북도,22520,군위군,대구광역시,border_touch,True,23.947
37590,칠곡군,경상북도,22510,달성군,대구광역시,border_touch,True,28.575
37590,칠곡군,경상북도,37030,김천시,경상북도,border_touch,True,35.027
37600,예천군,경상북도,37090,문경시,경상북도,border_touch,True,24.806
37600,예천군,경상북도,37060,영주시,경상북도,border_touch,True,28.678
37600,예천군,경상북도,37040,안동시,경상북도,border_touch,True,33.012
37600,예천군,경상북도,37520,의성군,경상북도,border_touch,True,36.683
37600,예천군,경상북도,33580,단양군,충청북도,border_touch,True,37.912
37600,예천군,경상북도,37080,상주시,경상북도,border_touch,True,40.388
37610,봉화군,경상북도,32050,태백시,강원특별자치도,border_touch,True,27.091
37610,봉화군,경상북도,37060,영주시,경상북도,border_touch,True,28.966
37610,봉화군,경상북도,37540,영양군,경상북도,border_touch,True,33.536
37610,봉화군,경상북도,37620,울진군,경상북도,border_touch,True,35.768
37610,봉화군,경상북도,37040,안동시,경상북도,border_touch,True,41.02
37610,봉화군,경상북도,32070,삼척시,강원특별자치도,border_touch,True,42.395
37610,봉화군,경상북도,32530,영월군,강원특별자치도,border_touch,True,47.334
37620,울진군,경상북도,37540,영양군,경상북도,border_touch,True,27.458
37620,울진군,경상북도,37610,봉화군,경상북도,border_touch,True,35.768
37620,울진군,경상북도,32070,삼척시,강원특별자치도,border_touch,True,44.77
37620,울진군,경상북도,37550,영덕군,경상북도,border_touch,True,46.777
38030,진주시,경상남도,38060,사천시,경상남도,border_touch,True,19.235
38030,진주시,경상남도,38510,의령군,경상남도,border_touch,True,24.712
38030,진주시,경상남도,38540,고성군,경상남도,border_touch,True,25.595
38030,진주시,경상남도,38570,산청군,경상남도,border_touch,True,28.754
38030,진주시,경상남도,38520,함안군,경상남도,border_touch,True,29.0
38030,진주시,경상남도,38560,하동군,경상남도,border_touch,True,32.788
38030,진주시,경상남도,38113,창원시 마산합포구,경상남도,border_touch,True,33.357
38050,통영시,경상남도,38540,고성군,경상남도,border_touch,True,22.447
38060,사천시,경상남도,38030,진주시,경상남도,border_touch,True,19.235
38060,사천시,경상남도,38540,고성군,경상남도,border_touch,True,23.378
38060,사천시,경상남도,38560,하동군,경상남도,border_touch,True,25.478
38070,김해시,경상남도,21120,강서구,부산광역시,border_touch,True,15.617
38070,김해시,경상남도,21080,북구,부산광역시,border_touch,True,16.901
38070,김해시,경상남도,38112,창원시 성산구,경상남도,border_touch,True,17.778
38070,김해시,경상남도,38111,창원시 의창구,경상남도,border_touch,True,18.376
38070,김해시,경상남도,38115,창원시 진해구,경상남도,border_touch,True,18.781
38070,김해시,경상남도,38100,양산시,경상남도,border_touch,True,22.89
38070,김해시,경상남도,38080,밀양시,경상남도,border_touch,True,25.61
38080,밀양시,경상남도,37560,청도군,경상북도,border_touch,True,19.356
38080,밀양시,경상남도,38111,창원시 의창구,경상남도,border_touch,True,24.335
38080,밀양시,경상남도,38100,양산시,경상남도,border_touch,True,25.214
38080,밀양시,경상남도,38070,김해시,경상남도,border_touch,True,25.61
38080,밀양시,경상남도,38530,창녕군,경상남도,border_touch,True,26.927
38080,밀양시,경상남도,26510,울주군,울산광역시,border_touch,True,36.494
38100,양산시,경상남도,21110,금정구,부산광역시,border_touch,True,16.514
38100,양산시,경상남도,21510,기장군,부산광역시,border_touch,True,18.571
38100,양산시,경상남도,21080,북구,부산광역시,border_touch,True,19.214
38100,양산시,경상남도,26510,울주군,울산광역시,border_touch,True,20.803
38100,양산시,경상남도,38070,김해시,경상남도,border_touch,True,22.89
38100,양산시,경상남도,38080,밀양시,경상남도,border_touch,True,25.214
38111,창원시 의창구,경상남도,38112,창원시 성산구,경상남도,border_touch,True,12.687
38111,창원시 의창구,경상남도,38114,창원시 마산회원구,경상남도,border_touch,True,13.512
38111,창원시 의창구,경상남도,38070,김해시,경상남도,border_touch,True,18.376
38111,창원시 의창구,경상남도,38520,함안군,경상남도,border_touch,True,19.966
38111,창원시 의창구,경상남도,38080,밀양시,경상남도,border_touch,True,24.335
38111,창원시 의창구,경상남도,38530,창녕군,경상남도,border_touch,True,26.003
38112,창원시 성산구,경상남도,38115,창원시 진해구,경상남도,border_touch,True,9.847
38112,창원시 성산구,경상남도,38111,창원시 의창구,경상남도,border_touch,True,12.687
38112,창원시 성산구,경상남도,38070,김해시,경상남도,border_touch,True,17.778
38113,창원시 마산합포구,경상남도,38114,창원시 마산회원구,경상남도,border_touch,True,11.658
38113,창원시 마산합포구,경상남도,38520,함안군,경상남도,border_touch,True,17.959
38113,창원시 마산합포구,경상남도,38540,고성군,경상남도,border_touch,True,22.234
38113,창원시 마산합포구,경상남도,38030,진주시,경상남도,border_touch,True,33.357
38114,창원시 마산회원구,경상남도,38520,함안군,경상남도,border_touch,True,11.607
38114,창원시 마산회원구,경상남도,38113,창원시 마산합포구,경상남도,border_touch,True,11.658
38114,창원시 마산회원구,경상남도,38111,창원시 의창구,경상남도,border_touch,True,13.512
38115,창원시 진해구,경상남도,38112,창원시 성산구,경상남도,border_touch,True,9.847
38115,창원시 진해구,경상남도,21120,강서구,부산광역시,border_touch,True,14.079
38115,창원시 진해구,경상남도,38070,김해시,경상남도,border_touch,True,18.781
38510,의령군,경상남도,38520,함안군,경상남도,border_touch,True,17.943
38510,의령군,경상남도,38530,창녕군,경상남도,border_touch,True,23.434
38510,의령군,경상남도,38600,합천군,경상남도,border_touch,True,23.838
38510,의령군,경상남도,38030,진주시,경상남도,border_touch,True,24.712
38510,의령군,경상남도,38570,산청군,경상남도,border_touch,True,35.769
38520,함안군,경상남도,38114,창원시 마산회원구,경상남도,border_touch,True,11.607
38520,함안군,경상남도,38510,의령군,경상남도,border_touch,True,17.943
38520,함안군,경상남도,38113,창원시 마산합포구,경상남도,border_touch,True,17.959
38520,함안군,경상남도,38111,창원시 의창구,경상남도,border_touch,True,19.966
38520,함안군,경상남도,38530,창녕군,경상남도,border_touch,True,24.754
38520,함안군,경상남도,38030,진주시,경상남도,border_touch,True,29.0
38530,창녕군,경상남도,38510,의령군,경상남도,border_touch,True,23.434
38530,창녕군,경상남도,38520,함안군,경상남도,border_touch,True,24.754
38530,창녕군,경상남도,38111,창원시 의창구,경상남도,border_touch,True,26.003
38530,창녕군,경상남도,38080,밀양시,경상남도,border_touch,True,26.927
38530,창녕군,경상남도,22510,달성군,대구광역시,border_touch,True,27.873
38530,창녕군,경상남도,37570,고령군,경상북도,border_touch,True,30.479
38530,창녕군,경상남도,37560,청도군,경상북도,border_touch,True,32.265
38530,창녕군,경상남도,38600,합천군,경상남도,border_touch,True,32.745
38540,고성군,경상남도,38113,창원시 마산합포구,경상남도,border_touch,True,22.234
38540,고성군,경상남도,38050,통영시,경상남도,border_touch,True,22.447
38540,고성군,경상남도,38060,사천시,경상남도,border_touch,True,23.378
38540,고성군,경상남도,38030,진주시,경상남도,border_touch,True,25.595
38560,하동군,경상남도,36060,광양시,전라남도,border_touch,True,17.288
38560,하동군,경상남도,38060,사천시,경상남도,border_touch,True,25.478
38560,하동군,경상남도,38570,산청군,경상남도,border_touch,True,27.365
38560,하동군,경상남도,36530,구례군,전라남도,border_touch,True,27.458
38560,하동군,경상남도,38030,진주시,경상남도,border_touch,True,32.788
38560,하동군,경상남도,35050,남원시,전북특별자치도,border_touch,True,44.068
38560,하동군,경상남도,38580,함양군,경상남도,border_touch,True,46.234
38570,산청군,경상남도,38580,함양군,경상남도,border_touch,True,25.076
38570,산청군,경상남도,38560,하동군,경상남도,border_touch,True,27.365
38570,산청군,경상남도,38030,진주시,경상남도,border_touch,True,28.754
38570,산청군,경상남도,38600,합천군,경상남도,border_touch,True,32.811
38570,산청군,경상남도,38510,의령군,경상남도,border_touch,True,35.769
38570,산청군,경상남도,38590,거창군,경상남도,border_touch,True,40.406
38580,함양군,경상남도,35540,장수군,전북특별자치도,border_touch,True,19.929
38580,함양군,경상남도,38570,산청군,경상남도,border_touch,True,25.076
38580,함양군,경상남도,38590,거창군,경상남도,border_touch,True,25.974
38580,함양군,경상남도,35050,남원시,전북특별자치도,border_touch,True,29.166
38580,함양군,경상남도,38560,하동군,경상남도,border_touch,True,46.234
38590,거창군,경상남도,38580,함양군,경상남도,border_touch,True,25.974
38590,거창군,경상남도,38600,합천군,경상남도,border_touch,True,27.586
38590,거창군,경상남도,35530,무주군,전북특별자치도,border_touch,True,28.713
38590,거창군,경상남도,35540,장수군,전북특별자치도,border_touch,True,33.611
38590,거창군,경상남도,37580,성주군,경상북도,border_touch,True,35.494
38590,거창군,경상남도,37030,김천시,경상북도,border_touch,True,39.595
38590,거창군,경상남도,38570,산청군,경상남도,border_touch,True,40.406
38600,합천군,경상남도,37570,고령군,경상북도,border_touch,True,23.259
38600,합천군,경상남도,38510,의령군,경상남도,border_touch,True,23.838
38600,합천군,경상남도,38590,거창군,경상남도,border_touch,True,27.586
38600,합천군,경상남도,38530,창녕군,경상남도,border_touch,True,32.745
38600,합천군,경상남도,38570,산청군,경상남도,border_touch,True,32.811
38600,합천군,경상남도,37580,성주군,경상북도,border_touch,True,37.603
39010,제주시,제주특별자치도,39020,서귀포시,제주특별자치도,border_touch,True,14.019
39020,서귀포시,제주특별자치도,39010,제주시,제주특별자치도,border_touch,True,14.019
